-- --------------------------------------------------------
-- 호스트:                          127.0.0.1
-- 서버 버전:                        10.6.5-MariaDB - mariadb.org binary distribution
-- 서버 OS:                        Win64
-- HeidiSQL 버전:                  11.3.0.6295
-- --------------------------------------------------------

/*!40101 SET @OLD_CHARACTER_SET_CLIENT=@@CHARACTER_SET_CLIENT */;
/*!40101 SET NAMES utf8 */;
/*!50503 SET NAMES utf8mb4 */;
/*!40014 SET @OLD_FOREIGN_KEY_CHECKS=@@FOREIGN_KEY_CHECKS, FOREIGN_KEY_CHECKS=0 */;
/*!40101 SET @OLD_SQL_MODE=@@SQL_MODE, SQL_MODE='NO_AUTO_VALUE_ON_ZERO' */;
/*!40111 SET @OLD_SQL_NOTES=@@SQL_NOTES, SQL_NOTES=0 */;


-- cds 데이터베이스 구조 내보내기
CREATE DATABASE IF NOT EXISTS `cds` /*!40100 DEFAULT CHARACTER SET utf8mb3 */;
USE `cds`;

-- 테이블 cds.alarm_list 구조 내보내기
CREATE TABLE IF NOT EXISTS `alarm_list` (
  `alarm_id` int(11) unsigned NOT NULL,
  `alarm_name` varchar(200) NOT NULL DEFAULT '',
  `alarm_comment` varchar(500) DEFAULT '',
  `alarm_enabled` tinyint(3) unsigned NOT NULL DEFAULT 0,
  `alarm_wdt` int(11) unsigned NOT NULL DEFAULT 0,
  `report_alarm_to_host` tinyint(3) unsigned NOT NULL DEFAULT 0,
  `alarm_visible` tinyint(3) unsigned NOT NULL DEFAULT 0,
  `alarm_level` tinyint(3) unsigned NOT NULL DEFAULT 0,
  `alarm_unit_id` tinyint(3) unsigned NOT NULL DEFAULT 0,
  PRIMARY KEY (`alarm_id`) USING BTREE
) ENGINE=InnoDB DEFAULT CHARSET=utf8mb3;

-- 테이블 데이터 cds.alarm_list:~282 rows (대략적) 내보내기
DELETE FROM `alarm_list`;
/*!40000 ALTER TABLE `alarm_list` DISABLE KEYS */;
INSERT INTO `alarm_list` (`alarm_id`, `alarm_name`, `alarm_comment`, `alarm_enabled`, `alarm_wdt`, `report_alarm_to_host`, `alarm_visible`, `alarm_level`, `alarm_unit_id`) VALUES
	(1, 'E-RIGHT Door Open', 'E-Right door is open.', 1, 1, 1, 1, 0, 20),
	(2, 'ELEC DOOR OVERRIDE', 'elec door override interlock occur.', 1, 0, 1, 1, 0, 20),
	(3, 'C-Door Open', 'C-door is open.', 1, 0, 1, 1, 0, 20),
	(4, 'GPS UPS TRIP', 'GPS UPS power is triped.', 1, 0, 1, 1, 2, 20),
	(5, 'Connect Fail - Host', 'Failed to connect to host.', 1, 0, 1, 1, 1, 20),
	(6, 'Cooling Left Fan Error', 'Cooling left fan operation error alarm.', 1, 0, 1, 1, 0, 20),
	(7, 'Cooling Right Fan Error', 'Cooling right fan operation error alarm.', 1, 0, 1, 1, 0, 20),
	(8, 'CDS Alive Interlock', 'CDS Interlock On Valve And Pump All Stop', 0, 0, 1, 0, 2, 20),
	(9, 'Stop - EMO', 'Stopped by EMO.', 1, 0, 1, 1, 2, 20),
	(10, 'Stop - Power Off', 'Stopped by power off.', 1, 0, 1, 1, 2, 20),
	(11, 'Stop - Main EMS', 'Stopped by main EMS.', 0, 0, 1, 0, 2, 20),
	(12, 'Stop - Main Power Off', 'Stopped by main power off.', 0, 0, 1, 0, 2, 20),
	(13, 'Stop - Main GAS Dectect', 'Stopped by main GAS detection.', 0, 0, 1, 0, 2, 20),
	(14, 'Leak - Bottom Vat', 'Bottom vat leak sensor is detected.', 1, 0, 1, 1, 2, 20),
	(15, 'Leak - Tank Vat', 'Tank vat leak sensor is detected.', 1, 0, 1, 1, 2, 20),
	(16, 'Leak - Dike', 'Dike leak sensor is detected.', 1, 0, 1, 1, 0, 20),
	(17, 'Interlock Trip', 'Interlock Trip is detected.', 1, 0, 1, 1, 0, 20),
	(18, 'Chemical CM Value No Change', 'Chemical concentration does not change for a certain period of time.', 0, 60, 1, 0, 1, 20),
	(22, 'CM Fail - Prep Tank A', 'The concentration value of Tank A to be changed is strange. Drain Tank A.', 0, 0, 1, 0, 0, 20),
	(23, 'CM Fail - Prep Tank B', 'The concentration value of Tank B to be changed is strange. Drain Tank B.', 0, 0, 1, 0, 0, 20),
	(24, 'Prep Pump Operation Error', 'Prep Pump Operation Error detected', 1, 0, 1, 1, 0, 20),
	(27, 'Application Start Error - Serial Daemon', 'COMIZOA Serial Daemon is not Alive', 1, 120, 1, 1, 0, 20),
	(28, 'Application Start Error - Log Manager', 'Log Manager is not Alive', 1, 120, 1, 1, 0, 20),
	(29, 'Database Alarm ID Not Register', 'CDS Alarm Enum Not Matching Database', 1, 0, 1, 1, 0, 20),
	(30, 'Database Parameter ID Not Register', 'CDS Parameter Enum Not Matching Database', 1, 0, 1, 1, 0, 20),
	(51, 'CTC Database Exception', 'Failed to access to database.', 1, 0, 1, 1, 0, 20),
	(52, 'No Space - Disk Storage Log', 'Log disk capacity is insufficient.', 1, 0, 1, 1, 0, 20),
	(53, 'No Space - Disk Storage Program', 'Program disk capacity is insufficient.', 1, 0, 1, 1, 0, 20),
	(54, 'Error Log Manager Run', 'Log manager program execution error.', 1, 0, 1, 1, 0, 20),
	(55, 'Ethercat Communication Error', 'Ethercat Communication Detected Alarm', 1, 0, 1, 1, 0, 20),
	(61, 'Over Time - Chemical Change Request', 'Chemical change request time is over.', 1, 0, 1, 1, 0, 20),
	(62, 'Fail - Chemical Change Command', 'The tank received a Chemical Change command from Host while it was not changeable.', 1, 0, 1, 1, 0, 20),
	(63, 'SemiAuto Mode Operation', 'Running with SeimiAuto.', 1, 0, 1, 1, 0, 20),
	(101, 'Abnormal Flow Dectect - H2O2', 'No supply but flowrate is detected on flowmeter1.', 1, 0, 1, 1, 1, 20),
	(102, 'High - Pressure Chem In H2O2', 'H2O2 CCSS line input monitoring pressure is high. (EC parameter)', 1, 0, 1, 1, 0, 20),
	(103, 'Low - Pressure Chem In H2O2', 'H2O2 CCSS line input monitoring pressure is low. (EC parameter)', 1, 0, 1, 1, 0, 20),
	(107, 'High - Pressure Chem Out H2O2', 'H2O2 CCSS line output monitoring pressure is high. (EC parameter)', 1, 0, 1, 1, 0, 20),
	(108, 'Low - Pressure Chem Out H2O2', 'H2O2 CCSS line output monitoring pressure is low. (EC parameter)', 1, 0, 1, 1, 0, 20),
	(109, 'Supply Max Time Over - Tank A H2O2', 'Supply to Tank A of H2O2 was supplied for more than the maximum expected time.', 1, 0, 1, 1, 0, 20),
	(110, 'Supply Min Time Over - Tank A H2O2', 'Supply to Tank A of H2O2 was supplied for less than the minimum expected time.', 1, 0, 1, 1, 0, 20),
	(111, 'Supply Max Time Over - Tank B H2O2', 'Supply to Tank B of H2O2 was supplied for more than the maximum expected time.', 1, 0, 1, 1, 0, 20),
	(112, 'Supply Min Time Over - Tank B H2O2', 'Supply to Tank B of H2O2 was supplied for less than the minimum expected time.', 1, 0, 1, 1, 0, 20),
	(113, 'High Flowrate H2O2', 'When user H2O2 valve open flowrate is high', 1, 5, 1, 1, 1, 20),
	(114, 'Low Flowrate H2O2', 'When user H2O2 valve open flowrate is Low', 1, 5, 1, 1, 1, 20),
	(141, 'Abnormal Flow Dectect - H2SO4', 'No supply but flowrate is detected on flowmeter2.', 0, 0, 1, 0, 1, 20),
	(142, 'High - Pressure Chem In H2SO4', 'H2SO4 CCSS line input monitoring pressure is high. (EC parameter)', 0, 0, 1, 0, 0, 20),
	(143, 'Low - Pressure Chem In H2SO4', 'H2SO4 CCSS line input monitoring pressure is low. (EC parameter)', 0, 0, 1, 0, 0, 20),
	(147, 'High - Pressure Chem Out H2SO4', 'H2SO4 CCSS line output monitoring pressure is high. (EC parameter)', 0, 0, 1, 0, 0, 20),
	(148, 'Low - Pressure Chem Out H2SO4', 'H2SO4 CCSS line output monitoring pressure is low. (EC parameter)', 0, 0, 1, 0, 0, 20),
	(149, 'Supply Max Time Over - Tank A H2SO4', 'Supply to Tank A of H2SO4 was supplied for more than the maximum expected time.', 0, 0, 1, 0, 0, 20),
	(150, 'Supply Min Time Over - Tank A H2SO4', 'Supply to Tank A of H2SO4 was supplied for less than the minimum expected time.', 0, 0, 1, 0, 0, 20),
	(151, 'Supply Max Time Over - Tank B H2SO4', 'Supply to Tank B of H2SO4 was supplied for more than the maximum expected time.', 0, 0, 1, 0, 0, 20),
	(152, 'Supply Min Time Over - Tank B H2SO4', 'Supply to Tank B of H2SO4 was supplied for less than the minimum expected time.', 0, 0, 1, 0, 0, 20),
	(153, 'High Flowrate H2SO4', 'When user H2SO4 valve open flowrate is high', 0, 5, 1, 0, 1, 20),
	(154, 'Low Flowrate H2SO4', 'When user H2SO4 valve open flowrate is Low', 0, 5, 1, 0, 1, 20),
	(181, 'Abnormal Flow Dectect - DHF', 'No supply but flowrate is detected on flowmeter3.', 0, 0, 1, 0, 1, 20),
	(182, 'High - Pressure Chem In DHF', 'DHF CCSS line input monitoring pressure is high. (EC parameter)', 0, 0, 1, 0, 0, 20),
	(183, 'Low - Pressure Chem In DHF', 'DHF CCSS line input monitoring pressure is low. (EC parameter)', 0, 0, 1, 0, 0, 20),
	(189, 'High - Pressure Chem Out DHF', 'DHF CCSS line output monitoring pressure is high. (EC parameter)', 0, 0, 1, 0, 1, 20),
	(190, 'Low - Pressure Chem Out DHF', 'DHF CCSS line output monitoring pressure is low. (EC parameter)', 0, 0, 1, 0, 0, 20),
	(191, 'Supply Max Time Over - Tank A DHF', 'Supply to Tank A of DHF was supplied for more than the maximum expected time.', 0, 0, 1, 0, 0, 20),
	(192, 'Supply Min Time Over - Tank A DHF', 'Supply to Tank A of DHF was supplied for less than the minimum expected time.', 0, 0, 1, 0, 0, 20),
	(197, 'Supply Max Time Over - Tank B DHF', 'Supply to Tank B of DHF was supplied for more than the maximum expected time.', 0, 0, 1, 0, 0, 20),
	(198, 'Supply Min Time Over - Tank B DHF', 'Supply to Tank B of DHF was supplied for less than the minimum expected time.', 0, 0, 1, 0, 0, 20),
	(199, 'High Flowrate DHF', 'When user DHF valve open flowrate is High', 0, 5, 1, 0, 1, 20),
	(200, 'Low Flowrate DHF', 'When user DHF valve open flowrate is Low', 0, 5, 1, 0, 1, 20),
	(221, 'Abnormal Flow Dectect - DIW', 'No supply but flowrate is detected on flowmeter4.', 1, 0, 1, 1, 1, 20),
	(222, 'High - Pressure Chem In DIW', 'DIW CCSS line input monitoring pressure is high. (EC parameter)', 1, 0, 1, 1, 0, 20),
	(223, 'Low - Pressure Chem In DIW', 'DIW CCSS line input monitoring pressure is low. (EC parameter)', 1, 0, 1, 1, 0, 20),
	(227, 'High - Pressure Chem Out DIW', 'DIW CCSS line output monitoring pressure is high. (EC parameter)', 1, 0, 1, 1, 0, 20),
	(228, 'Low - Pressure Chem Out DIW', 'DIW CCSS line output monitoring pressure is low. (EC parameter)', 1, 0, 1, 1, 0, 20),
	(229, 'Supply Max Time Over - Tank A DIW', 'Supply to Tank A of DIW was supplied for more than the maximum expected time.', 1, 0, 1, 1, 0, 20),
	(230, 'Supply Min Time Over - Tank A DIW', 'Supply to Tank A of DIW was supplied for less than the minimum expected time.', 1, 0, 1, 1, 0, 20),
	(231, 'Supply Max Time Over - Tank B DIW', 'Supply to Tank B of DIW was supplied for more than the maximum expected time.', 1, 0, 1, 1, 0, 20),
	(232, 'Supply Min Time Over - Tank B DIW', 'Supply to Tank B of DIW was supplied for less than the minimum expected time.', 1, 0, 1, 1, 0, 20),
	(233, 'High Flowrate DIW', 'When user CCSS4 valve open flowrate is high', 1, 5, 1, 1, 1, 20),
	(234, 'Low Flowrate DIW', 'When user CCSS4 valve open flowrate is Low', 1, 5, 1, 1, 1, 20),
	(261, 'High - MAIN CDA1 PRESS(PUMP)', 'Main CDA1 pressure(PUMP) is high. (EC parameter)', 1, 2, 1, 1, 2, 20),
	(262, 'Low  - MAIN CDA1 PRESS(PUMP)', 'Main CDA1 pressure(PUMP) is low. (EC parameter)', 1, 2, 1, 1, 2, 20),
	(263, 'High - MAIN CDA2 PRESS(SOL)', 'Main CDA2 pressure(SOL) is high. (EC parameter)', 1, 2, 1, 1, 2, 20),
	(264, 'Low  - MAIN CDA2 PRESS(SOL)', 'Main CDA2 pressure(SOL) is low. (EC parameter)', 1, 2, 1, 1, 2, 20),
	(265, 'High - MAIN CDA3 PRESS(DRAIN)', 'Main CDA3 pressure(DRAIN) is high. (EC parameter)', 1, 2, 1, 1, 2, 20),
	(266, 'Low  - MAIN CDA3 PRESS(DRAIN)', 'Main CDA3 pressure(DRAIN) is low. (EC parameter)', 1, 2, 1, 1, 2, 20),
	(267, 'Low  - Exhaust', 'Exhuast pressure is low. (EC parameter)', 1, 2, 1, 1, 0, 20),
	(268, 'High - Exhaust', 'Exhuast pressure is high. (EC parameter)', 1, 2, 1, 1, 0, 20),
	(269, 'High - Pressure Main N2', 'Main N2 pressure is high. (EC parameter)', 0, 2, 1, 1, 2, 20),
	(270, 'Low  - Pressure Main N2', 'Main N2 pressure is low. (EC parameter)', 0, 2, 1, 1, 2, 20),
	(275, 'High - Pressure PCW', 'PCW pressure is high. (EC parameter)', 1, 3, 1, 1, 1, 20),
	(276, 'Low  - Pressure PCW', 'PCW pressure is low. (EC parameter)', 1, 3, 1, 1, 1, 20),
	(277, 'High - Prep Flow PCW', 'PCW pressure is high. (EC parameter)', 1, 3, 1, 1, 1, 20),
	(278, 'Low  - Prep Flow PCW', 'PCW pressure is low. (EC parameter)', 1, 3, 1, 1, 1, 20),
	(279, 'High - Supply A Flow PCW', 'PCW pressure is high. (EC parameter)', 1, 3, 1, 1, 1, 20),
	(280, 'Low  - Supply A Flow PCW', 'PCW pressure is low. (EC parameter)', 1, 3, 1, 1, 1, 20),
	(281, 'High - Supply B Flow PCW', 'PCW pressure is high. (EC parameter)', 1, 3, 1, 1, 1, 20),
	(282, 'Low  - Supply B Flow PCW', 'PCW pressure is low. (EC parameter)', 1, 3, 1, 1, 1, 20),
	(283, 'High - Concentration H2O2', 'H2O2 concentration value is high. (EC parameter)', 0, 0, 1, 0, 2, 20),
	(284, 'Low  - Concentration H2O2', 'H2O2 concentration value is low. (EC parameter)', 0, 0, 1, 0, 2, 20),
	(285, 'High - Concentration H2SO4', 'H2SO4 concentration value is high. (EC parameter)', 0, 0, 1, 0, 2, 20),
	(286, 'Low  - Concentration H2SO4', 'H2SO4 concentration value is low. (EC parameter)', 0, 0, 1, 0, 2, 20),
	(287, 'High - Concentration DHF', 'DHF concentration value is high. (EC parameter)', 0, 0, 1, 0, 2, 20),
	(288, 'Low  - Concentration DHF', 'DHF concentration value is low. (EC parameter)', 0, 0, 1, 0, 2, 20),
	(289, 'High - Concentration DIW', 'DIW concentration value is high. (EC parameter)', 0, 0, 1, 0, 2, 20),
	(290, 'Low  - Concentration DIW', 'DIW concentration value is low. (EC parameter)', 0, 0, 1, 0, 2, 20),
	(291, 'HDIW Supply Temp Error', 'Out of target temperature during HDIW supply.', 0, 0, 1, 0, 2, 20),
	(292, 'High - Flow HDIW', 'HDIW flowrate is high. (EC parameter)', 0, 3, 1, 0, 1, 20),
	(293, 'Low  - Flow HDIW', 'HDIW flowrate is low. (EC parameter)', 0, 3, 1, 0, 1, 20),
	(294, 'Tank Level Not High(Using Mixing) - Tank A', 'Mixing Complete Tank A But Level is not High', 1, 0, 1, 1, 2, 20),
	(295, 'Tank Level Not High(Using Mixing) - Tank B', 'Mixing Complete Tank B But Level is not High', 1, 0, 1, 1, 2, 20),
	(301, 'Level Low Low - Tank A', 'Tank A level is low low.', 1, 0, 1, 1, 1, 20),
	(302, 'Heating Time Over - Temp Controll Tank A', 'Heating timeover at the target temperature in Tank A.', 1, 0, 1, 1, 1, 20),
	(303, 'High - Temperature Tank A', 'Tank A temperature is high. (EC parameter)', 1, 0, 1, 1, 1, 20),
	(304, 'Low  - Temperature Tank A', 'Tank A temperature is low. (EC parameter)', 1, 0, 1, 1, 1, 20),
	(305, 'Level High High - Tank A', 'Tank A level is high high.', 1, 0, 1, 1, 2, 20),
	(306, 'High - Flow Tank A N2', 'Tank A N2 flowrate is high. (EC parameter)', 1, 0, 1, 1, 2, 20),
	(307, 'Low - Flow Tank A N2', 'Tank A N2 flowrate is low. (EC parameter)', 1, 0, 1, 1, 2, 20),
	(308, 'Life Time Over - Tank A', 'Tank A chemical life time is over. (EC parameter)', 1, 0, 1, 1, 0, 20),
	(309, 'Charge Time Over - Tank A', 'The time limit for Tank A chemical charge is exceeded.', 1, 0, 1, 1, 0, 20),
	(310, 'Concentration Fail - Tank A', 'Concentration measurement in tank A failed.', 1, 0, 1, 1, 2, 20),
	(311, 'Drain Time Over - Tank A', 'The time limit for Tank A Drain is exceeded (after Tank Change when Drain is operated)', 1, 0, 1, 1, 0, 20),
	(312, 'Level Empty Fail - Tank A', 'Tank A Empty Level Sensor Error in Drain Mode', 1, 0, 1, 1, 2, 20),
	(313, 'Not Ready - Tank A', 'Can not chemical change. Tank A status is not ready.', 1, 0, 1, 1, 2, 20),
	(314, 'Ready Time Over - Tank A', 'Tank A Ready takes longer than set time.', 1, 0, 1, 1, 0, 20),
	(316, 'Level Sensor Wired - Tank A', 'Tank A Level sensor detect is abnormal.', 1, 10, 1, 1, 1, 20),
	(317, 'Over Flow - Tank A', 'Tank A Over flow sensor is detected.', 1, 0, 1, 1, 2, 20),
	(318, 'Use Time Over - Tank A', 'Chemical change from tank A to tank B has timed out. (EC parameter)', 1, 0, 1, 1, 0, 20),
	(319, 'Heater Interlock - Tank A', 'Tank A Flow or Pressure detect is abnormal', 1, 0, 1, 1, 0, 20),
	(401, 'Level Low Low - Tank B', 'Tank B level is low low.', 1, 0, 1, 1, 0, 20),
	(402, 'Heating Time Over - Temp Controll Tank B', 'Heating timeover at the target temperature in Tank B.', 1, 0, 1, 1, 0, 20),
	(403, 'High - Temperature Tank B', 'Tank B temperature is high. (EC parameter)', 1, 0, 1, 1, 0, 20),
	(404, 'Low  - Temperature Tank B', 'Tank B temperature is low. (EC parameter)', 1, 0, 1, 1, 0, 20),
	(405, 'Level High High - Tank B', 'Tank B level is high high.', 1, 0, 1, 1, 2, 20),
	(406, 'High - Flow Tank B N2', 'Tank B N2 flowrate is high. (EC parameter)', 1, 0, 1, 1, 2, 20),
	(407, 'Low - Flow Tank B N2', 'Tank B N2 flowrate is low. (EC parameter)', 1, 0, 1, 1, 2, 20),
	(408, 'Charge Time Over - Tank B', 'The time limit for Tank B chemical charge is exceeded.', 1, 0, 1, 1, 0, 20),
	(409, 'Life Time Over - Tank B', 'Tank B chemical life time is over. (EC parameter)', 1, 0, 1, 1, 0, 20),
	(410, 'Process Ready Off', 'Process Tank is not ready status.', 1, 0, 1, 1, 1, 20),
	(411, 'Drain Time Over - Tank B', 'The time limit for Tank B Drain is exceeded (after Tank Change when Drain is operated)', 1, 0, 1, 1, 0, 20),
	(412, 'Level Empty Fail - Tank B', 'Tank B Empty Level Sensor Error in Drain Mode', 1, 0, 1, 1, 0, 20),
	(413, 'Not Ready - Tank B', 'Can not chemical change. Tank B status is not ready.', 1, 0, 1, 1, 1, 20),
	(414, 'Ready Time Over - Tank B', 'Tank B Ready takes longer than set time.', 1, 0, 1, 1, 0, 20),
	(416, 'Level Sensor Wired - Tank B', 'Tank B Level sensor detect is abnormal.', 1, 10, 1, 1, 1, 20),
	(417, 'Over Flow - Tank B', 'Tank B Over flow sensor is detected.', 1, 0, 1, 1, 2, 20),
	(418, 'Use Time Over - Tank B', 'Chemical change from tank B to tank A has timed out. (EC parameter)', 1, 0, 1, 1, 0, 20),
	(419, 'Heater Interlock - Tank B', 'Tank B Flow or Pressure detect is abnormal', 1, 0, 1, 1, 0, 20),
	(529, 'Concentration Fail - Tank B', 'Concentration measurement in tank B failed.', 1, 0, 1, 1, 2, 20),
	(530, 'Can Not Use Tank', 'Both Tank A and B are unavailable on auto mode.', 0, 0, 1, 1, 0, 20),
	(711, 'High - Pressure Tank Prep Pump', 'Prep Pressure High Detected Alarm', 1, 0, 1, 1, 1, 20),
	(712, 'Low  - Pressure Tank Prep Pump', 'Prep Pressure Low Detected Alarm', 1, 0, 1, 1, 1, 20),
	(721, 'High  - Flow Tank Prep Pump', 'Prep Flow High Detected Alarm', 1, 5, 1, 1, 1, 20),
	(722, 'Low  - Flow Tank Prep Pump', 'Prep Flow Low Detected Alarm', 1, 5, 1, 1, 1, 20),
	(723, 'Pump Empty Trouble - Tank Prep Pump', 'Prep Pump Stopped by not fluid', 1, 5, 1, 1, 0, 20),
	(724, 'Pump Empty Trouble - Supply A Pump', 'Supply A Pump Stopped by not fluid', 1, 5, 1, 1, 0, 20),
	(725, 'Pump Empty Trouble - Supply B Pump', 'Supply B Pump Stopped by not fluid', 1, 5, 1, 1, 0, 20),
	(761, 'Prep Pump Error In Charge', 'Prep Pump Detected Error In Charge', 1, 0, 1, 1, 0, 20),
	(762, 'Heater Interlock - Prep1', 'Prep1 Heater Detected Interlock Alarm', 1, 3, 1, 1, 2, 20),
	(763, 'Heater Interlock - Prep2', 'Prep2 Heater Detected Interlock Alarm', 1, 3, 1, 1, 2, 20),
	(800, 'Leak - Prep Pump Leak', 'Prep pump leak sensor is detected.', 1, 0, 1, 1, 2, 20),
	(801, 'Leak - Prep Pump L-Leak', 'Prep Pump L-leak sensor is detected.', 0, 0, 1, 0, 2, 20),
	(802, 'Leak - Prep Pump R-Leak', 'Prep Pump R-leak sensor is detected.', 0, 0, 1, 0, 2, 20),
	(803, 'Prep Pump Stroke1 Error', 'Prep Pump Stroke1 Detected Alarm', 0, 0, 1, 0, 2, 20),
	(804, 'Prep Pump Stroke2 Error', 'Prep Pump Stroke2 Detected Alarm', 0, 0, 1, 0, 2, 20),
	(911, 'High - Pressure IN Supply A', 'Supply A IN Pressure is High', 1, 3, 1, 1, 2, 20),
	(912, 'Low  - Pressure IN Supply A', 'Supply A IN Pressure is Low', 1, 3, 1, 1, 2, 20),
	(913, 'High - Pressure OUT Supply A', 'Supply A OUT Pressure is High', 1, 3, 1, 1, 2, 20),
	(914, 'Low  - Pressure OUT Supply A', 'Supply A OUT Pressure is Low', 1, 3, 1, 1, 2, 20),
	(915, 'High - Pressure IN Supply B', 'Supply B IN Pressure is High', 1, 3, 1, 1, 2, 20),
	(916, 'Low  - Pressure IN Supply B', 'Supply B IN Pressure is Low', 1, 3, 1, 1, 2, 20),
	(917, 'High - Pressure OUT Supply B', 'Supply B OUT Pressure is High', 1, 3, 1, 1, 2, 20),
	(918, 'Low  - Pressure OUT Supply B', 'Supply B OUT Pressure is Low', 1, 3, 1, 1, 2, 20),
	(919, 'High - Flow Supply A', 'Supply line A flowrate is high. (EC parameter)', 1, 5, 1, 1, 1, 20),
	(920, 'Low  - Flow Supply A', 'Supply line A flowrate is low. (EC parameter)', 1, 5, 1, 1, 1, 20),
	(921, 'High - Flow Supply B', 'Supply line B flowrate is high. (EC parameter)', 1, 5, 1, 1, 1, 20),
	(922, 'Low  - Flow Supply B', 'Supply line B flowrate is low. (EC parameter)', 1, 5, 1, 1, 1, 20),
	(941, 'High - Abnormal Temp In Tank A', 'Temp Range Out(High) In Tank A Supply', 1, 0, 1, 1, 1, 20),
	(942, 'Low - Abnormal Temp In Tank A', 'Temp Range Out(Low) In Tank A Supply', 1, 0, 1, 1, 1, 20),
	(943, 'High - Abnormal Temp In Tank B', 'Temp Range Out(High) In Tank B Supply', 1, 0, 1, 1, 1, 20),
	(944, 'Low - Abnormal Temp In Tank B', 'Temp Range Out(Low) In Tank B Supply', 1, 0, 1, 1, 1, 20),
	(1000, 'Leak - Supply A Pump Leak', 'Supply A pump leak sensor is detected.', 1, 0, 1, 1, 2, 20),
	(1001, 'Leak - Supply B Pump Leak', 'Supply B pump leak sensor is detected.', 1, 0, 1, 1, 2, 20),
	(1002, 'Leak - Supply A Pump L-Leak', 'Supply A Pump L-leak sensor is detected.', 0, 0, 1, 0, 2, 20),
	(1003, 'Leak - Supply A Pump R-Leak', 'Supply A Pump R-leak sensor is detected.', 0, 0, 1, 0, 2, 20),
	(1004, 'Supply A Pump Stroke1 Alarm', 'Supply A Pump Stroke1 Detected Alarm', 0, 0, 1, 0, 2, 20),
	(1005, 'Supply A Pump Stroke2 Alarm', 'Supply A Pump Stroke2 Detected Alarm', 0, 0, 1, 0, 2, 20),
	(1006, 'Leak - Supply B Pump L-Leak', 'Supply B Pump L-leak sensor is detected.', 0, 0, 1, 0, 2, 20),
	(1007, 'Leak - Supply B Pump R-Leak', 'Supply B Pump R-leak sensor is detected.', 0, 0, 1, 0, 2, 20),
	(1008, 'Supply B Pump Stroke1 Alarm', 'Supply B Pump Stroke1 Detected Alarm', 0, 0, 1, 0, 2, 20),
	(1009, 'Supply B Pump Stroke2 Alarm', 'Supply B Pump Stroke2 Detected Alarm', 0, 0, 1, 0, 2, 20),
	(1111, 'High - Pressure Return A', 'Return line A pressure is high. (EC parameter)', 1, 3, 1, 1, 2, 20),
	(1112, 'Low  - Pressure Return A', 'Return line A pressure is low. (EC parameter)', 1, 3, 1, 1, 2, 20),
	(1113, 'High - Pressure Return B', 'Return line B pressure is high. (EC parameter)', 1, 3, 1, 1, 2, 20),
	(1114, 'Low  - Pressure Return B', 'Return line B pressure is low. (EC parameter)', 1, 3, 1, 1, 2, 20),
	(1500, 'High - Flow Drain', 'Drain flowrate is high. (EC parameter)', 1, 5, 1, 1, 2, 20),
	(1501, 'Low  - Flow Drain', 'Drain flowrate is low. (EC parameter)', 1, 5, 1, 1, 2, 20),
	(1504, 'Level High High - Drain Tank', 'Drain Tank level is high high.', 1, 0, 1, 1, 2, 20),
	(1601, 'HDIW POWER OFF', 'HDIW generator power is off', 0, 0, 1, 0, 1, 20),
	(1602, 'HDIW REMOTE MODE OFF', 'HDIW generator remote mode is off', 0, 0, 1, 0, 1, 20),
	(1603, 'HDIW TOTAL ALARM', 'HDIW generator total alarm occur.', 0, 0, 1, 0, 0, 20),
	(1604, 'Low - Exhaust Alarm(Sensor)', 'Exhaust Low DI Detected', 1, 0, 1, 1, 0, 20),
	(1605, 'High - Heater N2 Pressure', 'Heater N2 is high. (EC parameter)', 0, 2, 1, 0, 1, 20),
	(1606, 'Low - Heater N2 Pressure', 'Heater N2 is Low. (EC parameter)', 0, 2, 1, 0, 1, 20),
	(2002, 'Flowmeter1 Connnection Fail', 'Flowmeter1 Connnection Fail', 1, 0, 1, 1, 1, 20),
	(2003, 'Flowmeter1 Alarm', 'Flowmeter1 Detected Alarm', 1, 0, 1, 1, 1, 20),
	(2004, 'Flowmeter1 - CH1 Measure Error', 'Flowmeter1 - CH1 Detected Meausre Alarm', 1, 0, 1, 1, 1, 20),
	(2005, 'Flowmeter1 - CH2 Measure Error', 'Flowmeter1 - CH2 Detected Meausre Alarm', 1, 0, 1, 1, 1, 20),
	(2006, 'Flowmeter2 Connnection Fail', 'Flowmeter2 Connnection Fail', 1, 0, 1, 1, 1, 20),
	(2007, 'Flowmeter2 Alarm', 'Flowmeter2 Detected Alarm', 1, 0, 1, 1, 1, 20),
	(2008, 'Flowmeter2 - CH1 Measure Error', 'Flowmeter2 - CH1 Detected Meausre Alarm', 1, 0, 1, 1, 1, 20),
	(2009, 'Flowmeter2 - CH2 Measure Error', 'Flowmeter2 - CH2 Detected Meausre Alarm', 1, 0, 1, 1, 1, 20),
	(2010, 'PumpController1 Connection Fail', 'PumpController1 - Connection Fail', 0, 0, 1, 1, 1, 20),
	(2011, 'PumpController1 Error', 'PumpController1- Detected Alarm', 1, 0, 1, 1, 1, 20),
	(2020, 'PumpController2 Connection Fail', 'PumpController2 - Connection Fail', 0, 0, 1, 1, 1, 20),
	(2021, 'PumpController2 Error', 'PumpController2- Detected Alarm', 1, 0, 1, 1, 1, 20),
	(2030, 'Concentration - ABB Connection Fail', 'ABB - Connection Fail', 1, 0, 1, 0, 1, 20),
	(2031, 'Concentration - ABB Alarm', 'ABB - Detected Alarm', 1, 0, 1, 0, 2, 20),
	(2040, 'Concentration - CM210 Connection Fail', 'CM210 - Connection Fail', 0, 0, 1, 0, 1, 20),
	(2041, 'Concentration - CM210 Alarm', 'CM210 - Detected Alarm', 0, 0, 1, 0, 1, 20),
	(2050, 'Concentration - HF700 Connection Fail', 'CM HF-700 - Connection Fail', 0, 0, 1, 0, 1, 20),
	(2051, 'Concentration - HF700 Alarm', 'CM HF-700 - Detected Alarm', 0, 0, 1, 0, 1, 20),
	(2060, 'Concentration - CS-150C Connection Fail', 'CM CS-150C - Connection Fail', 0, 0, 1, 0, 1, 20),
	(2061, 'Concentration - CS-150C Alarm', 'CM CS-150C - Detected Alarm', 0, 0, 1, 0, 1, 20),
	(2062, 'Concentration - CS-600F Connection Fail', 'CM CS-600F - Connection Fail', 0, 0, 1, 0, 1, 20),
	(2063, 'Concentration - CS-600F Alarm', 'CM CS-600F - Detected Alarm', 0, 0, 1, 0, 1, 20),
	(2070, 'Temp Controller1 - Connection Fail', 'Temp Controller1 - Connection Fail', 1, 0, 1, 1, 1, 20),
	(2071, 'Temp Controller1 - Alarm', 'Temp Controller1 - Detected Alarm', 1, 0, 1, 1, 1, 20),
	(2072, 'Temp Controller1 - CH1 Alarm', 'Temp Controller1 - Detected CH1 Alarm', 1, 0, 1, 1, 1, 20),
	(2073, 'Temp Controller1 - CH2 Alarm', 'Temp Controller1 - Detected CH2 Alarm', 1, 0, 1, 1, 1, 20),
	(2074, 'Temp Controller1 - CH3 Alarm', 'Temp Controller1 - Detected CH3 Alarm', 1, 0, 1, 1, 2, 20),
	(2075, 'Temp Controller1 - CH4 Alarm', 'Temp Controller1 - Detected CH4 Alarm', 1, 0, 1, 1, 1, 20),
	(2080, 'Temp Controller2 - Connection Fail', 'Temp Controller2 - Connection Fail', 1, 0, 1, 1, 1, 20),
	(2081, 'Temp Controller2 - Alarm', 'Temp Controller2 - Detected Alarm', 1, 0, 1, 1, 1, 20),
	(2082, 'Temp Controller2 - CH1 Alarm', 'Temp Controller2 - Detected CH1 Alarm', 1, 0, 1, 1, 1, 20),
	(2083, 'Temp Controller2 - CH2 Alarm', 'Temp Controller2 - Detected CH2 Alarm', 1, 0, 1, 1, 1, 20),
	(2084, 'Temp Controller2 - CH3 Alarm', 'Temp Controller2 - Detected CH3 Alarm', 1, 0, 1, 1, 1, 20),
	(2085, 'Temp Controller2 - CH4 Alarm', 'Temp Controller2 - Detected CH4 Alarm', 1, 0, 1, 1, 1, 20),
	(2090, 'Temp Controller3 - Connection Fail', 'Temp Controller3 - Connection Fail', 1, 0, 1, 1, 1, 20),
	(2091, 'Temp Controller3 - Alarm', 'Temp Controller3 - Detected Alarm', 1, 0, 1, 1, 1, 20),
	(2092, 'Temp Controller3 - CH1 Alarm', 'Temp Controller3 - Detected CH1 Alarm', 1, 0, 1, 1, 1, 20),
	(2093, 'Temp Controller3 - CH2 Alarm', 'Temp Controller3 - Detected CH2 Alarm', 1, 0, 1, 1, 1, 20),
	(2094, 'Temp Controller3 - CH3 Alarm', 'Temp Controller3 - Detected CH3 Alarm', 1, 0, 1, 1, 1, 20),
	(2095, 'Temp Controller3 - CH4 Alarm', 'Temp Controller3 - Detected CH4 Alarm', 1, 0, 1, 1, 1, 20),
	(2100, 'Temp Controller4 - Connection Fail', 'Temp Controller4 - Connection Fail', 1, 0, 1, 1, 1, 20),
	(2101, 'Temp Controller4 - Alarm', 'Temp Controller4 - Detected Alarm', 1, 0, 1, 1, 1, 20),
	(2102, 'Temp Controller4 - CH1 Alarm', 'Temp Controller4 - Detected CH1 Alarm', 1, 0, 1, 1, 1, 20),
	(2103, 'Temp Controller4 - CH2 Alarm', 'Temp Controller4 - Detected CH2 Alarm', 1, 0, 1, 1, 1, 20),
	(2104, 'Temp Controller4 - CH3 Alarm', 'Temp Controller4 - Detected CH3 Alarm', 1, 0, 1, 1, 1, 20),
	(2105, 'Temp Controller4 - CH4 Alarm', 'Temp Controller4 - Detected CH4 Alarm', 1, 0, 1, 1, 1, 20),
	(2110, 'SUPPLY A THERMOSTAT Connection Fail', 'SUPPLY A THERMOSTAT Connection Fail', 1, 0, 1, 1, 1, 20),
	(2111, 'SUPPLY A THERMOSTAT Error', 'SUPPLY A THERMOSTAT Detected Alarm', 1, 0, 1, 1, 1, 20),
	(2112, 'SUPPLY A THERMOSTAT Encount1', 'SUPPLY A THERMOSTAT Encount1 Detected Alarm', 1, 0, 1, 1, 1, 20),
	(2113, 'SUPPLY A THERMOSTAT Encount2', 'SUPPLY A THERMOSTAT Encount2 Detected Alarm', 1, 0, 1, 1, 1, 20),
	(2114, 'SUPPLY A THERMOSTAT Encount3', 'SUPPLY A THERMOSTAT Encount3 Detected Alarm', 1, 0, 1, 1, 1, 20),
	(2115, 'SUPPLY A THERMOSTAT Encount4', 'SUPPLY A THERMOSTAT Encount4 Detected Alarm', 1, 0, 1, 1, 1, 20),
	(2116, 'SUPPLY A THERMOSTAT Encount5', 'SUPPLY A THERMOSTAT Encount5 Detected Alarm', 1, 0, 1, 1, 1, 20),
	(2117, 'SUPPLY A THERMOSTAT Warning1', 'SUPPLY A THERMOSTAT Warning1 Detected Alarm', 1, 0, 1, 1, 1, 20),
	(2120, 'SUPPLY B THERMOSTAT Connection Fail', 'SUPPLY B THERMOSTAT Connection Fail', 1, 0, 1, 1, 1, 20),
	(2121, 'SUPPLY B THERMOSTAT Error', 'SUPPLY B THERMOSTAT Detected Alarm', 1, 0, 1, 1, 1, 20),
	(2122, 'SUPPLY B THERMOSTAT Encount1', 'SUPPLY B THERMOSTAT Encount1 Detected Alarm', 1, 0, 1, 1, 1, 20),
	(2123, 'SUPPLY B THERMOSTAT Encount2', 'SUPPLY B THERMOSTAT Encount2 Detected Alarm', 1, 0, 1, 1, 1, 20),
	(2124, 'SUPPLY B THERMOSTAT Encount3', 'SUPPLY B THERMOSTAT Encount3 Detected Alarm', 1, 0, 1, 1, 1, 20),
	(2125, 'SUPPLY B THERMOSTAT Encount4', 'SUPPLY B THERMOSTAT Encount4 Detected Alarm', 1, 0, 1, 1, 1, 20),
	(2126, 'SUPPLY B THERMOSTAT Encount5', 'SUPPLY B THERMOSTAT Encount5 Detected Alarm', 1, 0, 1, 1, 1, 20),
	(2127, 'SUPPLY B THERMOSTAT Warning1', 'SUPPLY B THERMOSTAT Warning1 Detected Alarm', 1, 0, 1, 1, 1, 20),
	(2130, 'CIRCULATION THERMOSTAT Connection Fail', 'CIRCULATION THERMOSTAT Connection Fail', 1, 0, 1, 1, 1, 20),
	(2131, 'CIRCULATION THERMOSTAT Error', 'CIRCULATION THERMOSTAT Detected Alarm', 1, 0, 1, 1, 1, 20),
	(2132, 'CIRCULATION THERMOSTAT Encount1', 'CIRCULATION THERMOSTAT Encount1 Detected Alarm', 1, 0, 1, 1, 1, 20),
	(2133, 'CIRCULATION THERMOSTAT Encount2', 'CIRCULATION THERMOSTAT Encount2 Detected Alarm', 1, 0, 1, 1, 1, 20),
	(2134, 'CIRCULATION THERMOSTAT Encount3', 'CIRCULATION THERMOSTAT Encount3 Detected Alarm', 1, 0, 1, 1, 1, 20),
	(2135, 'CIRCULATION THERMOSTAT Encount4', 'CIRCULATION THERMOSTAT Encount4 Detected Alarm', 1, 0, 1, 1, 1, 20),
	(2136, 'CIRCULATION THERMOSTAT Encount5', 'CIRCULATION THERMOSTAT Encount5 Detected Alarm', 1, 0, 1, 1, 1, 20),
	(2137, 'CIRCULATION THERMOSTAT Warning1', 'CIRCULATION THERMOSTAT Warning1 Detected Alarm', 1, 0, 1, 1, 1, 20),
	(2140, 'SCR1 Connection Fail', 'SCR1 Connection Fail', 0, 0, 1, 0, 1, 20),
	(2141, 'SCR1 Error', 'SCR1 Detected Alarm', 0, 0, 1, 0, 1, 20),
	(2150, 'SCR2 Connection Fail', 'SCR2 Connection Fail', 0, 0, 1, 0, 1, 20),
	(2151, 'SCR2 Error', 'SCR2 Detected Alarm', 0, 0, 1, 0, 1, 20),
	(2160, 'SCR3 Connection Fail', 'SCR3 Connection Fail', 0, 0, 1, 0, 1, 20),
	(2161, 'SCR3 Error', 'SCR3 Detected Alarm', 0, 0, 1, 0, 1, 20),
	(2170, 'SCR4 Connection Fail', 'SCR4 Connection Fail', 0, 0, 1, 0, 1, 20),
	(2171, 'SCR4 Error', 'SCR4 Detected Alarm', 0, 0, 1, 0, 1, 20),
	(2200, 'Purge Unit Alarm', 'Purge Unit Detected Alarm', 0, 0, 1, 0, 1, 20),
	(2201, 'MAIN UNIT MIX TRIP', 'Main Unit Mix Trip Detected', 0, 0, 1, 0, 1, 20),
	(2202, 'MAIN EQ TRIP', 'MAIN EQ TRIP Detected', 1, 0, 1, 1, 2, 20),
	(2203, 'Leak Fault', 'Leak Fault Detected Alarm', 1, 0, 1, 1, 1, 20),
	(2204, 'IPA CCSS Not Ready Signal', 'IPA CCSS Not Ready Signal Detected', 1, 0, 1, 1, 1, 20),
	(2300, 'HeatExchanger Conncection Fail', 'HeatExchanger Conncection Fail', 1, 0, 1, 1, 1, 20),
	(2301, 'HeatExchanger Error D1110', 'HeatExchanger D1110 Detected Akarn', 1, 0, 1, 1, 1, 20),
	(2302, 'HeatExchanger Error D1111', 'HeatExchanger D1111 Detected Akarn', 1, 0, 1, 1, 1, 20);
/*!40000 ALTER TABLE `alarm_list` ENABLE KEYS */;

-- 테이블 cds.alarm_logs 구조 내보내기
CREATE TABLE IF NOT EXISTS `alarm_logs` (
  `alarm_occurred_time` datetime(3) NOT NULL,
  `alarm_occurred_by` smallint(5) unsigned NOT NULL,
  `alarm_id` int(11) unsigned NOT NULL,
  `alarm_remark` varchar(500) NOT NULL,
  `alarm_cleared` tinyint(3) unsigned NOT NULL DEFAULT 0,
  `alarm_cleared_time` datetime(3) DEFAULT NULL,
  `alarm_cleared_by` smallint(5) unsigned DEFAULT NULL,
  `fa_state_when_alarm_occurs` tinyint(3) unsigned DEFAULT NULL,
  `chamber_mode_when_alarm_occurs` tinyint(3) unsigned DEFAULT NULL,
  PRIMARY KEY (`alarm_occurred_time`,`alarm_occurred_by`,`alarm_id`) USING BTREE,
  KEY `FKalarm_id` (`alarm_id`) USING BTREE,
  CONSTRAINT `FK_alarm_logs_alarm_list` FOREIGN KEY (`alarm_id`) REFERENCES `alarm_list` (`alarm_id`) ON DELETE NO ACTION ON UPDATE NO ACTION
) ENGINE=InnoDB DEFAULT CHARSET=utf8mb3;

-- 테이블 데이터 cds.alarm_logs:~134 rows (대략적) 내보내기
DELETE FROM `alarm_logs`;
/*!40000 ALTER TABLE `alarm_logs` DISABLE KEYS */;
INSERT INTO `alarm_logs` (`alarm_occurred_time`, `alarm_occurred_by`, `alarm_id`, `alarm_remark`, `alarm_cleared`, `alarm_cleared_time`, `alarm_cleared_by`, `fa_state_when_alarm_occurs`, `chamber_mode_when_alarm_occurs`) VALUES
	('2023-07-03 14:32:30.004', 0, 17, '', 0, '2023-07-03 14:41:07.161', 2, NULL, NULL),
	('2023-07-03 14:32:30.218', 0, 280, 'Min : 1, Value : 0', 0, '2023-07-03 14:41:07.161', 2, NULL, NULL),
	('2023-07-03 14:32:30.243', 0, 282, 'Min : 1, Value : 0', 0, '2023-07-03 14:41:07.161', 2, NULL, NULL),
	('2023-07-03 14:32:30.260', 0, 28, '', 0, '2023-07-03 14:41:07.161', 2, NULL, NULL),
	('2023-07-03 14:32:30.267', 0, 27, '', 0, '2023-07-03 14:41:07.161', 2, NULL, NULL),
	('2023-07-03 14:32:30.271', 0, 5, '', 0, '2023-07-03 14:41:07.161', 2, NULL, NULL),
	('2023-07-03 14:32:30.274', 0, 2030, '', 0, '2023-07-03 14:35:25.076', 0, NULL, NULL),
	('2023-07-03 14:32:30.277', 0, 55, '', 0, '2023-07-03 14:41:07.161', 2, NULL, NULL),
	('2023-07-03 14:32:30.283', 0, 416, '', 0, '2023-07-03 14:35:25.089', 0, NULL, NULL),
	('2023-07-03 14:32:39.457', 0, 278, 'Min : 1, Value : 0.13', 0, '2023-07-03 14:41:07.161', 2, NULL, NULL),
	('2023-07-03 14:41:16.380', 0, 17, '', 0, '2023-07-03 15:06:12.942', 2, NULL, NULL),
	('2023-07-03 14:41:16.425', 0, 280, 'Min : 1, Value : 0', 0, '2023-07-03 15:06:12.942', 2, NULL, NULL),
	('2023-07-03 14:41:16.440', 0, 282, 'Min : 1, Value : 0', 0, '2023-07-03 15:06:12.942', 2, NULL, NULL),
	('2023-07-03 14:41:16.452', 0, 28, '', 0, '2023-07-03 15:06:12.942', 2, NULL, NULL),
	('2023-07-03 14:41:16.459', 0, 27, '', 0, '2023-07-03 15:06:12.942', 2, NULL, NULL),
	('2023-07-03 14:41:16.462', 0, 5, '', 0, '2023-07-03 15:06:12.942', 2, NULL, NULL),
	('2023-07-03 14:41:16.465', 0, 2030, '', 0, '2023-07-03 15:06:12.942', 2, NULL, NULL),
	('2023-07-03 14:41:16.468', 0, 55, '', 0, '2023-07-03 15:06:12.942', 2, NULL, NULL),
	('2023-07-03 14:41:16.472', 0, 416, '', 0, '2023-07-03 15:06:12.942', 2, NULL, NULL),
	('2023-07-03 14:41:25.722', 0, 278, 'Min : 1, Value : 0.13', 0, '2023-07-03 15:06:12.942', 2, NULL, NULL),
	('2023-07-03 14:44:04.976', 0, 308, '', 0, '2023-07-03 15:06:12.942', 2, NULL, NULL),
	('2023-07-03 14:45:47.146', 0, 61, '', 0, '2023-07-03 15:06:12.942', 2, NULL, NULL),
	('2023-07-03 14:46:13.146', 0, 409, '', 0, '2023-07-03 15:06:12.942', 2, NULL, NULL),
	('2023-07-03 15:06:20.116', 0, 17, '', 0, '2023-07-03 15:12:32.227', 2, NULL, NULL),
	('2023-07-03 15:06:20.174', 0, 280, 'Min : 1, Value : 0', 0, '2023-07-03 15:12:32.227', 2, NULL, NULL),
	('2023-07-03 15:06:20.190', 0, 282, 'Min : 1, Value : 0', 0, '2023-07-03 15:12:32.227', 2, NULL, NULL),
	('2023-07-03 15:06:20.205', 0, 28, '', 0, '2023-07-03 15:12:32.227', 2, NULL, NULL),
	('2023-07-03 15:06:20.211', 0, 27, '', 0, '2023-07-03 15:12:32.227', 2, NULL, NULL),
	('2023-07-03 15:06:20.216', 0, 5, '', 0, '2023-07-03 15:12:32.227', 2, NULL, NULL),
	('2023-07-03 15:06:20.220', 0, 2030, '', 0, '2023-07-03 15:12:32.227', 2, NULL, NULL),
	('2023-07-03 15:06:20.225', 0, 55, '', 0, '2023-07-03 15:12:32.227', 2, NULL, NULL),
	('2023-07-03 15:06:20.231', 0, 416, '', 0, '2023-07-03 15:12:32.227', 2, NULL, NULL),
	('2023-07-03 15:06:33.475', 0, 278, 'Min : 1, Value : 0.13', 0, '2023-07-03 15:12:32.227', 2, NULL, NULL),
	('2023-07-03 15:07:29.334', 0, 61, '', 0, '2023-07-03 15:12:32.227', 2, NULL, NULL),
	('2023-07-03 15:12:39.261', 0, 17, '', 0, '2023-07-03 15:19:21.584', 2, NULL, NULL),
	('2023-07-03 15:12:39.314', 0, 280, 'Min : 1, Value : 0', 0, '2023-07-03 15:19:21.584', 2, NULL, NULL),
	('2023-07-03 15:12:39.329', 0, 282, 'Min : 1, Value : 0', 0, '2023-07-03 15:19:21.584', 2, NULL, NULL),
	('2023-07-03 15:12:39.343', 0, 28, '', 0, '2023-07-03 15:19:21.584', 2, NULL, NULL),
	('2023-07-03 15:12:39.351', 0, 27, '', 0, '2023-07-03 15:19:21.584', 2, NULL, NULL),
	('2023-07-03 15:12:39.355', 0, 5, '', 0, '2023-07-03 15:19:21.584', 2, NULL, NULL),
	('2023-07-03 15:12:39.358', 0, 2030, '', 0, '2023-07-03 15:19:21.584', 2, NULL, NULL),
	('2023-07-03 15:12:39.362', 0, 55, '', 0, '2023-07-03 15:19:21.584', 2, NULL, NULL),
	('2023-07-03 15:12:39.367', 0, 416, '', 0, '2023-07-03 15:19:21.584', 2, NULL, NULL),
	('2023-07-03 15:13:04.135', 0, 278, 'Min : 1, Value : 0.13', 0, '2023-07-03 15:19:21.584', 2, NULL, NULL),
	('2023-07-03 15:19:29.507', 0, 17, '', 0, '2023-07-03 15:33:39.691', 2, NULL, NULL),
	('2023-07-03 15:19:29.550', 0, 280, 'Min : 1, Value : 0', 0, '2023-07-03 15:33:39.691', 2, NULL, NULL),
	('2023-07-03 15:19:29.565', 0, 282, 'Min : 1, Value : 0', 0, '2023-07-03 15:33:39.691', 2, NULL, NULL),
	('2023-07-03 15:19:29.578', 0, 28, '', 0, '2023-07-03 15:33:39.691', 2, NULL, NULL),
	('2023-07-03 15:19:29.584', 0, 27, '', 0, '2023-07-03 15:33:39.691', 2, NULL, NULL),
	('2023-07-03 15:19:29.587', 0, 5, '', 0, '2023-07-03 15:33:39.691', 2, NULL, NULL),
	('2023-07-03 15:19:29.590', 0, 2030, '', 0, '2023-07-03 15:33:39.691', 2, NULL, NULL),
	('2023-07-03 15:19:29.594', 0, 55, '', 0, '2023-07-03 15:33:39.691', 2, NULL, NULL),
	('2023-07-03 15:19:29.599', 0, 416, '', 0, '2023-07-03 15:33:39.691', 2, NULL, NULL),
	('2023-07-03 15:33:47.826', 0, 17, '', 0, '2023-07-03 15:35:22.927', 2, NULL, NULL),
	('2023-07-03 15:33:47.895', 0, 280, 'Min : 1, Value : 0', 0, '2023-07-03 15:35:22.927', 2, NULL, NULL),
	('2023-07-03 15:33:47.915', 0, 282, 'Min : 1, Value : 0', 0, '2023-07-03 15:35:22.927', 2, NULL, NULL),
	('2023-07-03 15:33:47.934', 0, 28, '', 0, '2023-07-03 15:35:22.927', 2, NULL, NULL),
	('2023-07-03 15:33:47.943', 0, 27, '', 0, '2023-07-03 15:35:22.927', 2, NULL, NULL),
	('2023-07-03 15:33:47.947', 0, 5, '', 0, '2023-07-03 15:35:22.927', 2, NULL, NULL),
	('2023-07-03 15:33:47.951', 0, 2030, '', 0, '2023-07-03 15:35:22.927', 2, NULL, NULL),
	('2023-07-03 15:33:47.956', 0, 55, '', 0, '2023-07-03 15:35:22.927', 2, NULL, NULL),
	('2023-07-03 15:33:47.963', 0, 416, '', 0, '2023-07-03 15:35:22.927', 2, NULL, NULL),
	('2023-07-03 15:35:31.856', 0, 17, '', 0, '2023-07-03 15:55:07.926', 2, NULL, NULL),
	('2023-07-03 15:35:31.899', 0, 280, 'Min : 1, Value : 0', 0, '2023-07-03 15:55:07.926', 2, NULL, NULL),
	('2023-07-03 15:35:31.915', 0, 282, 'Min : 1, Value : 0', 0, '2023-07-03 15:55:07.926', 2, NULL, NULL),
	('2023-07-03 15:35:31.928', 0, 28, '', 0, '2023-07-03 15:55:07.926', 2, NULL, NULL),
	('2023-07-03 15:35:31.934', 0, 27, '', 0, '2023-07-03 15:55:07.926', 2, NULL, NULL),
	('2023-07-03 15:35:31.938', 0, 5, '', 0, '2023-07-03 15:55:07.926', 2, NULL, NULL),
	('2023-07-03 15:35:31.941', 0, 2030, '', 0, '2023-07-03 15:55:07.926', 2, NULL, NULL),
	('2023-07-03 15:35:31.945', 0, 55, '', 0, '2023-07-03 15:55:07.926', 2, NULL, NULL),
	('2023-07-03 15:35:31.949', 0, 416, '', 0, '2023-07-03 15:55:07.926', 2, NULL, NULL),
	('2023-07-03 15:35:40.551', 0, 278, 'Min : 1, Value : 0.13', 0, '2023-07-03 15:55:07.926', 2, NULL, NULL),
	('2023-07-03 15:36:38.442', 0, 61, '', 0, '2023-07-03 15:55:07.926', 2, NULL, NULL),
	('2023-07-03 15:53:42.803', 0, 30, 'ID : 0', 0, '2023-07-03 15:55:07.926', 2, NULL, NULL),
	('2023-07-03 15:55:17.109', 0, 17, '', 0, '2023-07-03 15:59:46.821', 2, NULL, NULL),
	('2023-07-03 15:55:17.153', 0, 280, 'Min : 1, Value : 0', 0, '2023-07-03 15:59:46.821', 2, NULL, NULL),
	('2023-07-03 15:55:17.169', 0, 282, 'Min : 1, Value : 0', 0, '2023-07-03 15:59:46.821', 2, NULL, NULL),
	('2023-07-03 15:55:17.182', 0, 28, '', 0, '2023-07-03 15:59:46.821', 2, NULL, NULL),
	('2023-07-03 15:55:17.189', 0, 27, '', 0, '2023-07-03 15:59:46.821', 2, NULL, NULL),
	('2023-07-03 15:55:17.193', 0, 5, '', 0, '2023-07-03 15:59:46.821', 2, NULL, NULL),
	('2023-07-03 15:55:17.197', 0, 2030, '', 0, '2023-07-03 15:59:46.821', 2, NULL, NULL),
	('2023-07-03 15:55:17.200', 0, 55, '', 0, '2023-07-03 15:59:46.821', 2, NULL, NULL),
	('2023-07-03 15:55:17.204', 0, 416, '', 0, '2023-07-03 15:59:46.821', 2, NULL, NULL),
	('2023-07-03 15:55:24.972', 0, 278, 'Min : 1, Value : 0.13', 0, '2023-07-03 15:59:46.821', 2, NULL, NULL),
	('2023-07-03 15:57:23.604', 0, 61, '', 0, '2023-07-03 15:59:46.821', 2, NULL, NULL),
	('2023-07-03 15:59:55.720', 0, 17, '', 0, '2023-07-03 16:01:06.396', 2, NULL, NULL),
	('2023-07-03 15:59:55.763', 0, 280, 'Min : 1, Value : 0', 0, '2023-07-03 16:01:06.396', 2, NULL, NULL),
	('2023-07-03 15:59:55.780', 0, 282, 'Min : 1, Value : 0', 0, '2023-07-03 16:01:06.396', 2, NULL, NULL),
	('2023-07-03 15:59:55.794', 0, 28, '', 0, '2023-07-03 16:01:06.396', 2, NULL, NULL),
	('2023-07-03 15:59:55.801', 0, 27, '', 0, '2023-07-03 16:01:06.396', 2, NULL, NULL),
	('2023-07-03 15:59:55.806', 0, 5, '', 0, '2023-07-03 16:01:06.396', 2, NULL, NULL),
	('2023-07-03 15:59:55.810', 0, 2030, '', 0, '2023-07-03 16:01:06.396', 2, NULL, NULL),
	('2023-07-03 15:59:55.814', 0, 55, '', 0, '2023-07-03 16:01:06.396', 2, NULL, NULL),
	('2023-07-03 15:59:55.819', 0, 416, '', 0, '2023-07-03 16:01:06.396', 2, NULL, NULL),
	('2023-07-03 16:00:02.567', 0, 278, 'Min : 1, Value : 0.13', 0, '2023-07-03 16:01:06.396', 2, NULL, NULL),
	('2023-07-03 16:01:13.351', 0, 17, '', 0, '2023-07-03 16:05:06.227', 2, NULL, NULL),
	('2023-07-03 16:01:13.394', 0, 280, 'Min : 1, Value : 0', 0, '2023-07-03 16:05:06.227', 2, NULL, NULL),
	('2023-07-03 16:01:13.410', 0, 282, 'Min : 1, Value : 0', 0, '2023-07-03 16:05:06.227', 2, NULL, NULL),
	('2023-07-03 16:01:13.425', 0, 28, '', 0, '2023-07-03 16:05:06.227', 2, NULL, NULL),
	('2023-07-03 16:01:13.432', 0, 27, '', 0, '2023-07-03 16:05:06.227', 2, NULL, NULL),
	('2023-07-03 16:01:13.434', 0, 5, '', 0, '2023-07-03 16:05:06.227', 2, NULL, NULL),
	('2023-07-03 16:01:13.438', 0, 2030, '', 0, '2023-07-03 16:05:06.227', 2, NULL, NULL),
	('2023-07-03 16:01:13.440', 0, 55, '', 0, '2023-07-03 16:05:06.227', 2, NULL, NULL),
	('2023-07-03 16:01:13.445', 0, 416, '', 0, '2023-07-03 16:05:06.227', 2, NULL, NULL),
	('2023-07-03 16:01:20.889', 0, 278, 'Min : 1, Value : 0.13', 0, '2023-07-03 16:05:06.227', 2, NULL, NULL),
	('2023-07-03 16:03:50.983', 0, 308, '', 0, '2023-07-03 16:05:06.227', 2, NULL, NULL),
	('2023-07-03 16:04:31.684', 0, 61, '', 0, '2023-07-03 16:05:06.227', 2, NULL, NULL),
	('2023-07-03 16:05:13.302', 0, 17, '', 0, '2023-07-03 16:12:44.182', 2, NULL, NULL),
	('2023-07-03 16:05:13.343', 0, 280, 'Min : 1, Value : 0', 0, '2023-07-03 16:12:44.182', 2, NULL, NULL),
	('2023-07-03 16:05:13.362', 0, 282, 'Min : 1, Value : 0', 0, '2023-07-03 16:12:44.182', 2, NULL, NULL),
	('2023-07-03 16:05:13.376', 0, 28, '', 0, '2023-07-03 16:12:44.182', 2, NULL, NULL),
	('2023-07-03 16:05:13.382', 0, 27, '', 0, '2023-07-03 16:12:44.182', 2, NULL, NULL),
	('2023-07-03 16:05:13.386', 0, 5, '', 0, '2023-07-03 16:12:44.182', 2, NULL, NULL),
	('2023-07-03 16:05:13.388', 0, 2030, '', 0, '2023-07-03 16:12:44.182', 2, NULL, NULL),
	('2023-07-03 16:05:13.392', 0, 55, '', 0, '2023-07-03 16:12:44.182', 2, NULL, NULL),
	('2023-07-03 16:05:13.396', 0, 416, '', 0, '2023-07-03 16:12:44.182', 2, NULL, NULL),
	('2023-07-03 16:05:24.605', 0, 278, 'Min : 1, Value : 0.13', 0, '2023-07-03 16:12:44.182', 2, NULL, NULL),
	('2023-07-03 16:06:31.896', 0, 308, '', 0, '2023-07-03 16:12:44.182', 2, NULL, NULL),
	('2023-07-03 16:07:06.227', 0, 61, '', 0, '2023-07-03 16:12:44.182', 2, NULL, NULL),
	('2023-07-03 16:07:13.732', 0, 409, '', 0, '2023-07-03 16:12:44.182', 2, NULL, NULL),
	('2023-07-03 16:12:51.627', 0, 17, '', 0, '2023-07-10 10:45:21.601', 2, NULL, NULL),
	('2023-07-03 16:12:51.676', 0, 280, 'Min : 1, Value : 0', 0, '2023-07-10 10:45:21.601', 2, NULL, NULL),
	('2023-07-03 16:12:51.693', 0, 282, 'Min : 1, Value : 0', 0, '2023-07-10 10:45:21.601', 2, NULL, NULL),
	('2023-07-03 16:12:51.708', 0, 28, '', 0, '2023-07-10 10:45:21.601', 2, NULL, NULL),
	('2023-07-03 16:12:51.714', 0, 27, '', 0, '2023-07-10 10:45:21.601', 2, NULL, NULL),
	('2023-07-03 16:12:51.719', 0, 5, '', 0, '2023-07-10 10:45:21.601', 2, NULL, NULL),
	('2023-07-03 16:12:51.722', 0, 2030, '', 0, '2023-07-10 10:45:21.601', 2, NULL, NULL),
	('2023-07-03 16:12:51.726', 0, 55, '', 0, '2023-07-10 10:45:21.601', 2, NULL, NULL),
	('2023-07-03 16:12:51.730', 0, 416, '', 0, '2023-07-10 10:45:21.601', 2, NULL, NULL),
	('2023-07-03 16:13:05.971', 0, 278, 'Min : 1, Value : 0.13', 0, '2023-07-10 10:45:21.601', 2, NULL, NULL),
	('2023-07-03 16:14:00.816', 0, 308, '', 0, '2023-07-10 10:45:21.601', 2, NULL, NULL),
	('2023-07-03 16:14:01.835', 0, 61, '', 0, '2023-07-10 10:45:21.601', 2, NULL, NULL),
	('2023-07-03 16:14:40.021', 0, 409, '', 0, '2023-07-10 10:45:21.601', 2, NULL, NULL),
	('2023-07-10 10:45:29.275', 0, 17, '', 0, NULL, NULL, NULL, NULL),
	('2023-07-10 10:45:29.329', 0, 280, 'Min : 1, Value : 0', 0, NULL, NULL, NULL, NULL),
	('2023-07-10 10:45:29.345', 0, 282, 'Min : 1, Value : 0', 0, NULL, NULL, NULL, NULL),
	('2023-07-10 10:45:29.360', 0, 28, '', 0, NULL, NULL, NULL, NULL),
	('2023-07-10 10:45:29.367', 0, 27, '', 0, NULL, NULL, NULL, NULL),
	('2023-07-10 10:45:29.371', 0, 5, '', 0, NULL, NULL, NULL, NULL),
	('2023-07-10 10:45:29.374', 0, 2030, '', 0, NULL, NULL, NULL, NULL),
	('2023-07-10 10:45:29.378', 0, 55, '', 0, NULL, NULL, NULL, NULL),
	('2023-07-10 10:45:29.382', 0, 416, '', 0, NULL, NULL, NULL, NULL);
/*!40000 ALTER TABLE `alarm_logs` ENABLE KEYS */;

-- 테이블 cds.event_logs 구조 내보내기
CREATE TABLE IF NOT EXISTS `event_logs` (
  `event_occurred_time` datetime(3) NOT NULL,
  `event_occurred_by` smallint(5) unsigned NOT NULL,
  `event_id` int(11) unsigned NOT NULL,
  `text` varchar(200) NOT NULL,
  `event_visible` tinyint(4) DEFAULT NULL,
  PRIMARY KEY (`event_occurred_time`,`event_occurred_by`,`event_id`) USING BTREE,
  KEY `FKevent_id` (`event_id`) USING BTREE
) ENGINE=InnoDB DEFAULT CHARSET=utf8mb3;

-- 테이블 데이터 cds.event_logs:~786 rows (대략적) 내보내기
DELETE FROM `event_logs`;
/*!40000 ALTER TABLE `event_logs` DISABLE KEYS */;
INSERT INTO `event_logs` (`event_occurred_time`, `event_occurred_by`, `event_id`, `text`, `event_visible`) VALUES
	('2023-07-03 14:32:23.875', 4, 10, 'Admin Login', 1),
	('2023-07-03 14:32:25.216', 4, 2000, 'frm_alarm.Button Click : btn_search', 1),
	('2023-07-03 14:32:25.452', 4, 2000, 'frm_parameter.Button Click : btn_search', 1),
	('2023-07-03 14:32:26.250', 4, 2000, 'frm_alarmlog.Button Click : btn_search', 1),
	('2023-07-03 14:32:37.111', 4, 30, 'EQ Mode Manual -> Auto', 1),
	('2023-07-03 14:32:37.114', 4, 2000, 'frm_schematic.Button Click : btn_mode_change', 1),
	('2023-07-03 14:32:38.726', 2, 5000, 'SEQ : TANK_MIXING_TYPE_CHECK -> Tank A', 1),
	('2023-07-03 14:32:41.065', 2, 5000, 'SEQ : CIRCULATION_READY -> DSP', 1),
	('2023-07-03 14:32:46.772', 2, 5000, 'SEQ : CIRCULATION_READY -> Input Complete', 1),
	('2023-07-03 14:32:46.781', 2, 5002, 'SEQ : Circulation Tank A Start', 1),
	('2023-07-03 14:32:51.788', 2, 5002, 'SEQ : Circulation Tank A Heater ON REQ', 1),
	('2023-07-03 14:32:52.851', 2, 5000, 'SEQ : CIRCULATION_MONITORING_LEVEL -> Tank A Level H', 1),
	('2023-07-03 14:32:56.149', 2, 5000, 'SEQ : CIRCULATION_MONITORING_TEMP_OK_WAIT_DELAY -> Tank A Temp OK(25)', 1),
	('2023-07-03 14:33:02.616', 2, 300, 'Chem1 Concentration OK Low : 0 Value : 1.05 High : 10', 1),
	('2023-07-03 14:33:02.946', 2, 5000, 'SEQ : CHARGE_COMPLETE ->  Tank A REDAY', 1),
	('2023-07-03 14:33:04.542', 2, 5000, 'SEQ : TANK_MIXING_TYPE_CHECK -> Tank B', 1),
	('2023-07-03 14:33:05.964', 2, 5002, 'SEQ SUPPLY : C.C Need', 1),
	('2023-07-03 14:33:09.042', 4, 3000, 'All_Stop', 1),
	('2023-07-03 14:33:09.046', 4, 2000, 'frm_schematic.Button Click : btn_all_stop', 1),
	('2023-07-03 14:33:10.872', 4, 2000, 'frm_parameter.Button Click : btn_search', 1),
	('2023-07-03 14:33:15.628', 4, 2000, 'frm_parameter.Button Click : btn_search', 1),
	('2023-07-03 14:33:22.508', 4, 2500, 'Parameter Changed : NAME :Chemical Change - Life Time High(511) Min : 0 Value : 2 Max : 9999', 1),
	('2023-07-03 14:33:23.045', 4, 2000, 'frm_parameter.Button Click : btn_change', 1),
	('2023-07-03 14:33:26.562', 4, 30, 'EQ Mode Manual -> Auto', 1),
	('2023-07-03 14:33:26.566', 4, 2000, 'frm_schematic.Button Click : btn_mode_change', 1),
	('2023-07-03 14:33:28.251', 2, 5000, 'SEQ : TANK_MIXING_TYPE_CHECK -> Tank A', 1),
	('2023-07-03 14:33:33.559', 2, 5000, 'SEQ : CIRCULATION_READY -> DSP', 1),
	('2023-07-03 14:33:39.266', 2, 5002, 'SEQ : Circulation Tank A Start', 1),
	('2023-07-03 14:33:39.361', 2, 5000, 'SEQ : CIRCULATION_READY -> Input Complete', 1),
	('2023-07-03 14:33:44.271', 2, 5002, 'SEQ : Circulation Tank A Heater ON REQ', 1),
	('2023-07-03 14:33:45.444', 2, 5000, 'SEQ : CIRCULATION_MONITORING_LEVEL -> Tank A Level H', 1),
	('2023-07-03 14:33:48.762', 2, 5000, 'SEQ : CIRCULATION_MONITORING_TEMP_OK_WAIT_DELAY -> Tank A Temp OK(25)', 1),
	('2023-07-03 14:33:55.155', 2, 300, 'Chem1 Concentration OK Low : 0 Value : 1.08 High : 10', 1),
	('2023-07-03 14:33:55.490', 2, 5000, 'SEQ : CHARGE_COMPLETE ->  Tank A REDAY', 1),
	('2023-07-03 14:33:57.087', 2, 5000, 'SEQ : TANK_MIXING_TYPE_CHECK -> Tank B', 1),
	('2023-07-03 14:33:58.529', 2, 5002, 'SEQ SUPPLY : C.C Need', 1),
	('2023-07-03 14:34:02.396', 2, 5000, 'SEQ : CIRCULATION_READY -> DSP', 1),
	('2023-07-03 14:34:08.355', 2, 5000, 'SEQ : CIRCULATION_READY -> Input Complete', 1),
	('2023-07-03 14:34:09.419', 2, 5002, 'SEQ : Circulation Tank B Heater ON REQ', 1),
	('2023-07-03 14:34:19.557', 2, 5002, 'SEQ SUPPLY : START', 1),
	('2023-07-03 14:34:19.560', 2, 5002, 'SEQ SUPPLY : C.C Need(TANK A LEVEL L OFF)', 1),
	('2023-07-03 14:34:19.587', 2, 5002, 'SEQ SUPPLY : Circulation Heater OFF', 1),
	('2023-07-03 14:34:19.677', 2, 5002, 'SEQ SUPPLY : Circulation Valve OFF -> Tank A', 1),
	('2023-07-03 14:34:19.737', 2, 5002, 'SEQ SUPPLY : Supply Valve On -> Tank A', 1),
	('2023-07-03 14:34:19.798', 2, 5002, 'SEQ SUPPLY : Pump On  -> Tank A', 1),
	('2023-07-03 14:34:23.714', 2, 5002, 'SEQ : Circulation Tank B Start', 1),
	('2023-07-03 14:34:24.862', 2, 5002, 'SEQ SUPPLY : Heater On', 1),
	('2023-07-03 14:34:24.951', 2, 5002, 'SEQ SUPPLY : Enable -> true', 1),
	('2023-07-03 14:34:24.954', 2, 5002, 'SEQ SUPPLY : C.C Need(TANK A LEVEL L OFF)', 1),
	('2023-07-03 14:34:27.790', 2, 5000, 'SEQ : CIRCULATION_MONITORING_LEVEL -> Tank B Level H', 1),
	('2023-07-03 14:34:29.964', 2, 5000, 'SEQ : CIRCULATION_MONITORING_TEMP_OK_WAIT_DELAY -> Tank A Supply Temp OK(25)', 1),
	('2023-07-03 14:34:31.083', 2, 5000, 'SEQ : CIRCULATION_MONITORING_TEMP_OK_WAIT_DELAY -> Tank B Temp OK(25)', 1),
	('2023-07-03 14:34:31.462', 2, 300, 'Chem1 Concentration OK Low : 0 Value : 1.02 High : 10', 1),
	('2023-07-03 14:34:38.307', 2, 300, 'Chem1 Concentration OK Low : 0 Value : 1.04 High : 10', 1),
	('2023-07-03 14:34:38.623', 2, 5000, 'SEQ : CHARGE_COMPLETE ->  Tank B REDAY', 1),
	('2023-07-03 14:35:31.466', 2, 300, 'Chem1 Concentration OK Low : 0 Value : 1.07 High : 10', 1),
	('2023-07-03 14:36:19.584', 2, 5002, 'SEQ SUPPLY : C.C Need(TANK A LIFE TIME OVER)', 1),
	('2023-07-03 14:36:19.589', 2, 5002, 'SEQ SUPPLY : C.C Need', 1),
	('2023-07-03 14:36:31.502', 2, 300, 'Chem1 Concentration OK Low : 0 Value : 1.04 High : 10', 1),
	('2023-07-03 14:36:37.405', 2, 5002, 'SEQ SUPPLY : C.C Process -> Tank A', 1),
	('2023-07-03 14:36:37.434', 2, 5002, 'SEQ SUPPLY : START', 1),
	('2023-07-03 14:36:37.438', 2, 5002, 'SEQ SUPPLY : C.C Need', 1),
	('2023-07-03 14:36:37.464', 2, 5002, 'SEQ SUPPLY : Circulation Heater OFF', 1),
	('2023-07-03 14:36:37.555', 2, 5002, 'SEQ SUPPLY : Circulation Valve OFF -> Tank B', 1),
	('2023-07-03 14:36:37.689', 2, 5002, 'SEQ SUPPLY : Supply Valve On -> Tank B', 1),
	('2023-07-03 14:36:37.749', 2, 5002, 'SEQ SUPPLY : Pump On  -> Tank B', 1),
	('2023-07-03 14:36:40.923', 2, 5000, 'SEQ : TANK_MIXING_TYPE_CHECK -> Tank A', 1),
	('2023-07-03 14:36:42.514', 2, 5000, 'SEQ : TANK_DRAIN_START -> Tank A', 1),
	('2023-07-03 14:36:45.899', 2, 5002, 'SEQ SUPPLY : Heater On', 1),
	('2023-07-03 14:36:45.989', 2, 5002, 'SEQ SUPPLY : Enable -> true', 1),
	('2023-07-03 14:36:45.993', 2, 5002, 'SEQ SUPPLY : C.C Need(TANK B LEVEL L OFF)', 1),
	('2023-07-03 14:36:51.001', 2, 5000, 'SEQ : TANK_EMPTY_CHECK2 -> Tank A Supply Temp OK(25)', 1),
	('2023-07-03 14:36:54.920', 4, 3000, 'All_Stop', 1),
	('2023-07-03 14:36:54.926', 4, 2000, 'frm_schematic.Button Click : btn_all_stop', 1),
	('2023-07-03 14:41:08.176', 4, 10, 'Admin Login', 1),
	('2023-07-03 14:41:10.684', 4, 2000, 'frm_alarm.Button Click : btn_search', 1),
	('2023-07-03 14:41:10.878', 4, 2000, 'frm_parameter.Button Click : btn_search', 1),
	('2023-07-03 14:41:11.586', 4, 2000, 'frm_alarmlog.Button Click : btn_search', 1),
	('2023-07-03 14:41:24.593', 4, 30, 'EQ Mode Manual -> Auto', 1),
	('2023-07-03 14:41:24.596', 4, 2000, 'frm_schematic.Button Click : btn_mode_change', 1),
	('2023-07-03 14:41:26.222', 2, 5000, 'SEQ : TANK_MIXING_TYPE_CHECK -> Tank A', 1),
	('2023-07-03 14:41:28.563', 2, 5000, 'SEQ : CIRCULATION_READY -> DSP', 1),
	('2023-07-03 14:41:34.369', 2, 5002, 'SEQ : Circulation Tank A Start', 1),
	('2023-07-03 14:41:34.374', 2, 5000, 'SEQ : CIRCULATION_READY -> Input Complete', 1),
	('2023-07-03 14:41:39.379', 2, 5002, 'SEQ : Circulation Tank A Heater ON REQ', 1),
	('2023-07-03 14:41:40.449', 2, 5000, 'SEQ : CIRCULATION_MONITORING_LEVEL -> Tank A Level H', 1),
	('2023-07-03 14:41:43.740', 2, 5000, 'SEQ : CIRCULATION_MONITORING_TEMP_OK_WAIT_DELAY -> Tank A Temp OK(25)', 1),
	('2023-07-03 14:41:50.233', 2, 300, 'Chem1 Concentration OK Low : 0 Value : 1.05 High : 10', 1),
	('2023-07-03 14:41:50.561', 2, 5000, 'SEQ : CHARGE_COMPLETE ->  Tank A REDAY', 1),
	('2023-07-03 14:41:52.150', 2, 5000, 'SEQ : TANK_MIXING_TYPE_CHECK -> Tank B', 1),
	('2023-07-03 14:41:53.589', 2, 5002, 'SEQ SUPPLY : C.C Need', 1),
	('2023-07-03 14:41:57.441', 2, 5000, 'SEQ : CIRCULATION_READY -> DSP', 1),
	('2023-07-03 14:42:03.330', 2, 5000, 'SEQ : CIRCULATION_READY -> Input Complete', 1),
	('2023-07-03 14:42:04.353', 2, 5002, 'SEQ : Circulation Tank B Heater ON REQ', 1),
	('2023-07-03 14:42:04.789', 2, 5002, 'SEQ SUPPLY : START', 1),
	('2023-07-03 14:42:04.792', 2, 5002, 'SEQ SUPPLY : C.C Need(TANK A LEVEL L OFF)', 1),
	('2023-07-03 14:42:04.819', 2, 5002, 'SEQ SUPPLY : Circulation Heater OFF', 1),
	('2023-07-03 14:42:04.911', 2, 5002, 'SEQ SUPPLY : Circulation Valve OFF -> Tank A', 1),
	('2023-07-03 14:42:04.971', 2, 5002, 'SEQ SUPPLY : Supply Valve On -> Tank A', 1),
	('2023-07-03 14:42:05.031', 2, 5002, 'SEQ SUPPLY : Pump On  -> Tank A', 1),
	('2023-07-03 14:42:08.998', 2, 5002, 'SEQ : Circulation Tank B Start', 1),
	('2023-07-03 14:42:10.098', 2, 5002, 'SEQ SUPPLY : Heater On', 1),
	('2023-07-03 14:42:10.186', 2, 5002, 'SEQ SUPPLY : Enable -> true', 1),
	('2023-07-03 14:42:10.190', 2, 5002, 'SEQ SUPPLY : C.C Need(TANK A LEVEL L OFF)', 1),
	('2023-07-03 14:42:13.000', 2, 5000, 'SEQ : CIRCULATION_MONITORING_LEVEL -> Tank B Level H', 1),
	('2023-07-03 14:42:15.205', 2, 5000, 'SEQ : CIRCULATION_MONITORING_TEMP_OK_WAIT_DELAY -> Tank A Supply Temp OK(25)', 1),
	('2023-07-03 14:42:16.331', 2, 5000, 'SEQ : CIRCULATION_MONITORING_TEMP_OK_WAIT_DELAY -> Tank B Temp OK(25)', 1),
	('2023-07-03 14:42:16.695', 2, 300, 'Chem1 Concentration OK Low : 0 Value : 1.07 High : 10', 1),
	('2023-07-03 14:42:23.428', 2, 300, 'Chem1 Concentration OK Low : 0 Value : 1.01 High : 10', 1),
	('2023-07-03 14:42:23.746', 2, 5000, 'SEQ : CHARGE_COMPLETE ->  Tank B REDAY', 1),
	('2023-07-03 14:43:16.725', 2, 300, 'Chem1 Concentration OK Low : 0 Value : 1.06 High : 10', 1),
	('2023-07-03 14:44:04.800', 2, 5002, 'SEQ SUPPLY : C.C Need(TANK A LIFE TIME OVER)', 1),
	('2023-07-03 14:44:04.804', 2, 5002, 'SEQ SUPPLY : C.C Need', 1),
	('2023-07-03 14:44:12.999', 2, 5002, 'SEQ SUPPLY : C.C Process -> Tank A', 1),
	('2023-07-03 14:44:13.028', 2, 5002, 'SEQ SUPPLY : START', 1),
	('2023-07-03 14:44:13.057', 2, 5002, 'SEQ SUPPLY : Circulation Heater OFF', 1),
	('2023-07-03 14:44:13.149', 2, 5002, 'SEQ SUPPLY : Circulation Valve OFF -> Tank B', 1),
	('2023-07-03 14:44:13.271', 2, 5002, 'SEQ SUPPLY : Supply Valve On -> Tank B', 1),
	('2023-07-03 14:44:13.331', 2, 5002, 'SEQ SUPPLY : Pump On  -> Tank B', 1),
	('2023-07-03 14:44:16.468', 2, 5000, 'SEQ : TANK_MIXING_TYPE_CHECK -> Tank A', 1),
	('2023-07-03 14:44:18.048', 2, 5000, 'SEQ : TANK_DRAIN_START -> Tank A', 1),
	('2023-07-03 14:44:21.465', 2, 5002, 'SEQ SUPPLY : Heater On', 1),
	('2023-07-03 14:44:21.556', 2, 5002, 'SEQ SUPPLY : Enable -> true', 1),
	('2023-07-03 14:44:21.560', 2, 5002, 'SEQ SUPPLY : C.C Need(TANK B LEVEL L OFF)', 1),
	('2023-07-03 14:44:26.578', 2, 5000, 'SEQ : TANK_EMPTY_CHECK2 -> Tank A Supply Temp OK(25)', 1),
	('2023-07-03 14:45:16.756', 2, 300, 'Chem1 Concentration OK Low : 0 Value : 1.02 High : 10', 1),
	('2023-07-03 14:45:17.102', 2, 5002, 'SEQ SUPPLY : C.C Need', 1),
	('2023-07-03 14:46:13.031', 2, 5002, 'SEQ SUPPLY : C.C Need(TANK B LIFE TIME OVER)', 1),
	('2023-07-03 14:46:16.770', 2, 300, 'Chem1 Concentration OK Low : 0 Value : 1.08 High : 10', 1),
	('2023-07-03 14:47:16.771', 2, 300, 'Chem1 Concentration OK Low : 0 Value : 1.04 High : 10', 1),
	('2023-07-03 14:48:16.813', 2, 300, 'Chem1 Concentration OK Low : 0 Value : 1.04 High : 10', 1),
	('2023-07-03 14:49:16.791', 2, 300, 'Chem1 Concentration OK Low : 0 Value : 1.07 High : 10', 1),
	('2023-07-03 14:50:16.823', 2, 300, 'Chem1 Concentration OK Low : 0 Value : 1.04 High : 10', 1),
	('2023-07-03 14:51:16.830', 2, 300, 'Chem1 Concentration OK Low : 0 Value : 1.06 High : 10', 1),
	('2023-07-03 14:52:16.891', 2, 300, 'Chem1 Concentration OK Low : 0 Value : 1.01 High : 10', 1),
	('2023-07-03 14:53:16.871', 2, 300, 'Chem1 Concentration OK Low : 0 Value : 1.07 High : 10', 1),
	('2023-07-03 14:54:16.893', 2, 300, 'Chem1 Concentration OK Low : 0 Value : 1 High : 10', 1),
	('2023-07-03 14:55:16.923', 2, 300, 'Chem1 Concentration OK Low : 0 Value : 1.01 High : 10', 1),
	('2023-07-03 14:56:16.909', 2, 300, 'Chem1 Concentration OK Low : 0 Value : 1.03 High : 10', 1),
	('2023-07-03 14:57:16.951', 2, 300, 'Chem1 Concentration OK Low : 0 Value : 1.03 High : 10', 1),
	('2023-07-03 14:58:16.977', 2, 300, 'Chem1 Concentration OK Low : 0 Value : 1.03 High : 10', 1),
	('2023-07-03 14:59:17.011', 2, 300, 'Chem1 Concentration OK Low : 0 Value : 1.08 High : 10', 1),
	('2023-07-03 15:00:17.036', 2, 300, 'Chem1 Concentration OK Low : 0 Value : 1.01 High : 10', 1),
	('2023-07-03 15:01:17.012', 2, 300, 'Chem1 Concentration OK Low : 0 Value : 1.08 High : 10', 1),
	('2023-07-03 15:02:17.022', 2, 300, 'Chem1 Concentration OK Low : 0 Value : 1 High : 10', 1),
	('2023-07-03 15:03:17.036', 2, 300, 'Chem1 Concentration OK Low : 0 Value : 1.04 High : 10', 1),
	('2023-07-03 15:04:17.053', 2, 300, 'Chem1 Concentration OK Low : 0 Value : 1.04 High : 10', 1),
	('2023-07-03 15:06:14.073', 4, 10, 'Admin Login', 1),
	('2023-07-03 15:06:15.521', 4, 2000, 'frm_alarm.Button Click : btn_search', 1),
	('2023-07-03 15:06:15.727', 4, 2000, 'frm_parameter.Button Click : btn_search', 1),
	('2023-07-03 15:06:16.386', 4, 2000, 'frm_alarmlog.Button Click : btn_search', 1),
	('2023-07-03 15:06:25.881', 4, 30, 'EQ Mode Manual -> Auto', 1),
	('2023-07-03 15:06:25.884', 4, 2000, 'frm_schematic.Button Click : btn_mode_change', 1),
	('2023-07-03 15:06:27.525', 2, 5000, 'SEQ : TANK_MIXING_TYPE_CHECK -> Tank A', 1),
	('2023-07-03 15:06:29.113', 2, 5000, 'SEQ : TANK_DRAIN_START -> Tank A', 1),
	('2023-07-03 15:06:34.112', 2, 5000, 'SEQ : CIRCULATION_READY -> DSP', 1),
	('2023-07-03 15:06:39.905', 2, 5000, 'SEQ : CIRCULATION_READY -> Input Complete', 1),
	('2023-07-03 15:06:39.992', 2, 5002, 'SEQ : Circulation Tank A Start', 1),
	('2023-07-03 15:06:45.008', 2, 5002, 'SEQ : Circulation Tank A Heater ON REQ', 1),
	('2023-07-03 15:06:45.991', 2, 5000, 'SEQ : CIRCULATION_MONITORING_LEVEL -> Tank A Level H', 1),
	('2023-07-03 15:06:49.272', 2, 5000, 'SEQ : CIRCULATION_MONITORING_TEMP_OK_WAIT_DELAY -> Tank A Temp OK(25)', 1),
	('2023-07-03 15:06:55.751', 2, 300, 'Chem1 Concentration OK Low : 0 Value : 1.05 High : 10', 1),
	('2023-07-03 15:06:56.079', 2, 5000, 'SEQ : CHARGE_COMPLETE ->  Tank A REDAY', 1),
	('2023-07-03 15:06:57.675', 2, 5000, 'SEQ : TANK_MIXING_TYPE_CHECK -> Tank B', 1),
	('2023-07-03 15:06:59.120', 2, 5002, 'SEQ SUPPLY : C.C Need', 1),
	('2023-07-03 15:07:03.007', 2, 5000, 'SEQ : CIRCULATION_READY -> DSP', 1),
	('2023-07-03 15:07:08.995', 2, 5000, 'SEQ : CIRCULATION_READY -> Input Complete', 1),
	('2023-07-03 15:07:09.968', 2, 5002, 'SEQ : Circulation Tank B Heater ON REQ', 1),
	('2023-07-03 15:12:33.315', 4, 10, 'Admin Login', 1),
	('2023-07-03 15:12:34.741', 4, 2000, 'frm_alarm.Button Click : btn_search', 1),
	('2023-07-03 15:12:34.986', 4, 2000, 'frm_parameter.Button Click : btn_search', 1),
	('2023-07-03 15:12:35.667', 4, 2000, 'frm_alarmlog.Button Click : btn_search', 1),
	('2023-07-03 15:12:51.758', 4, 30, 'EQ Mode Manual -> Auto', 1),
	('2023-07-03 15:12:51.761', 4, 2000, 'frm_schematic.Button Click : btn_mode_change', 1),
	('2023-07-03 15:12:53.370', 2, 5000, 'SEQ : TANK_MIXING_TYPE_CHECK -> Tank A', 1),
	('2023-07-03 15:12:54.959', 2, 5000, 'SEQ : TANK_DRAIN_START -> Tank A', 1),
	('2023-07-03 15:13:04.914', 2, 5000, 'SEQ : CIRCULATION_READY -> DSP', 1),
	('2023-07-03 15:13:10.697', 2, 5000, 'SEQ : CIRCULATION_READY -> Input Complete', 1),
	('2023-07-03 15:13:10.738', 2, 5002, 'SEQ : Circulation Tank A Start', 1),
	('2023-07-03 15:13:15.754', 2, 5002, 'SEQ : Circulation Tank A Heater ON REQ', 1),
	('2023-07-03 15:13:16.771', 2, 5000, 'SEQ : CIRCULATION_MONITORING_LEVEL -> Tank A Level H', 1),
	('2023-07-03 15:13:20.031', 2, 5000, 'SEQ : CIRCULATION_MONITORING_TEMP_OK_WAIT_DELAY -> Tank A Temp OK(25)', 1),
	('2023-07-03 15:13:26.505', 2, 300, 'Chem1 Concentration OK Low : 0 Value : 1.04 High : 10', 1),
	('2023-07-03 15:13:26.833', 2, 5000, 'SEQ : CHARGE_COMPLETE ->  Tank A REDAY', 1),
	('2023-07-03 15:13:28.419', 2, 5000, 'SEQ : TANK_MIXING_TYPE_CHECK -> Tank B', 1),
	('2023-07-03 15:13:29.878', 2, 5002, 'SEQ SUPPLY : C.C Need', 1),
	('2023-07-03 15:13:33.737', 2, 5000, 'SEQ : CIRCULATION_READY -> DSP', 1),
	('2023-07-03 15:13:35.922', 2, 5002, 'SEQ SUPPLY : START', 1),
	('2023-07-03 15:13:35.925', 2, 5002, 'SEQ SUPPLY : C.C Need(TANK A LEVEL L OFF)', 1),
	('2023-07-03 15:13:35.963', 2, 5002, 'SEQ SUPPLY : Circulation Heater OFF', 1),
	('2023-07-03 15:13:36.054', 2, 5002, 'SEQ SUPPLY : Circulation Valve OFF -> Tank A', 1),
	('2023-07-03 15:13:36.107', 2, 5002, 'SEQ SUPPLY : Supply Valve On -> Tank A', 1),
	('2023-07-03 15:13:36.176', 2, 5002, 'SEQ SUPPLY : Pump On  -> Tank A', 1),
	('2023-07-03 15:19:22.578', 4, 10, 'Admin Login', 1),
	('2023-07-03 15:19:24.441', 4, 2000, 'frm_alarm.Button Click : btn_search', 1),
	('2023-07-03 15:19:24.661', 4, 2000, 'frm_parameter.Button Click : btn_search', 1),
	('2023-07-03 15:19:25.470', 4, 2000, 'frm_alarmlog.Button Click : btn_search', 1),
	('2023-07-03 15:33:40.798', 4, 10, 'Admin Login', 1),
	('2023-07-03 15:33:42.795', 4, 2000, 'frm_alarm.Button Click : btn_search', 1),
	('2023-07-03 15:33:42.975', 4, 2000, 'frm_parameter.Button Click : btn_search', 1),
	('2023-07-03 15:33:43.698', 4, 2000, 'frm_alarmlog.Button Click : btn_search', 1),
	('2023-07-03 15:35:24.030', 4, 10, 'Admin Login', 1),
	('2023-07-03 15:35:25.553', 4, 2000, 'frm_alarm.Button Click : btn_search', 1),
	('2023-07-03 15:35:25.852', 4, 2000, 'frm_parameter.Button Click : btn_search', 1),
	('2023-07-03 15:35:26.544', 4, 2000, 'frm_alarmlog.Button Click : btn_search', 1),
	('2023-07-03 15:35:39.636', 4, 30, 'EQ Mode Manual -> Auto', 1),
	('2023-07-03 15:35:39.639', 4, 2000, 'frm_schematic.Button Click : btn_mode_change', 1),
	('2023-07-03 15:35:41.267', 2, 5000, 'SEQ : TANK_MIXING_TYPE_CHECK -> Tank A', 1),
	('2023-07-03 15:35:43.620', 2, 5000, 'SEQ : CIRCULATION_READY -> DSP', 1),
	('2023-07-03 15:35:49.193', 2, 5000, 'SEQ : CIRCULATION_READY -> Input Complete', 1),
	('2023-07-03 15:35:49.204', 2, 5002, 'SEQ : Circulation Tank A Start', 1),
	('2023-07-03 15:35:54.210', 2, 5002, 'SEQ : Circulation Tank A Heater ON REQ', 1),
	('2023-07-03 15:35:55.271', 2, 5000, 'SEQ : CIRCULATION_MONITORING_LEVEL -> Tank A Level H', 1),
	('2023-07-03 15:35:58.564', 2, 5000, 'SEQ : CIRCULATION_MONITORING_TEMP_OK_WAIT_DELAY -> Tank A Temp OK(25)', 1),
	('2023-07-03 15:36:05.042', 2, 300, 'Chem1 Concentration OK Low : 0 Value : 1.07 High : 10', 1),
	('2023-07-03 15:36:05.362', 2, 5000, 'SEQ : CHARGE_COMPLETE ->  Tank A REDAY', 1),
	('2023-07-03 15:36:06.997', 2, 5000, 'SEQ : TANK_MIXING_TYPE_CHECK -> Tank B', 1),
	('2023-07-03 15:36:08.398', 2, 5002, 'SEQ SUPPLY : C.C Need', 1),
	('2023-07-03 15:36:12.290', 2, 5000, 'SEQ : CIRCULATION_READY -> DSP', 1),
	('2023-07-03 15:36:18.403', 2, 5000, 'SEQ : CIRCULATION_READY -> Input Complete', 1),
	('2023-07-03 15:36:19.190', 2, 5002, 'SEQ : Circulation Tank B Heater ON REQ', 1),
	('2023-07-03 15:38:42.106', 2, 1000, 'CTC Connected', 1),
	('2023-07-03 15:38:46.508', 2, 1000, 'CDS -> CTC Alarm Update Complete', 1),
	('2023-07-03 15:38:48.937', 4, 2000, 'frm_schematic.Button Click : btn_mode_change', 1),
	('2023-07-03 15:38:49.564', 2, 1000, 'CDS -> CTC Parameter Update Complete', 1),
	('2023-07-03 15:39:03.862', 2, 1000, 'CDS Send : Tank_A_Supply_End_Event_Send_459', 1),
	('2023-07-03 15:39:08.327', 4, 3000, 'All_Stop', 1),
	('2023-07-03 15:39:08.334', 4, 2000, 'frm_schematic.Button Click : btn_all_stop', 1),
	('2023-07-03 15:39:08.336', 2, 1000, 'CDS Send : Manual_Mode_Event_457', 1),
	('2023-07-03 15:39:10.164', 4, 30, 'EQ Mode Manual -> Auto', 1),
	('2023-07-03 15:39:10.167', 4, 2000, 'frm_schematic.Button Click : btn_mode_change', 1),
	('2023-07-03 15:39:10.258', 2, 1000, 'CDS Send : Auto_Mode_Event_456', 1),
	('2023-07-03 15:39:11.846', 2, 5000, 'SEQ : TANK_MIXING_TYPE_CHECK -> Tank A', 1),
	('2023-07-03 15:39:13.447', 2, 5000, 'SEQ : TANK_DRAIN_START -> Tank A', 1),
	('2023-07-03 15:39:21.915', 2, 5000, 'SEQ : CIRCULATION_READY -> DSP', 1),
	('2023-07-03 15:39:27.735', 2, 5000, 'SEQ : CIRCULATION_READY -> Input Complete', 1),
	('2023-07-03 15:39:27.740', 2, 5002, 'SEQ : Circulation Tank A Start', 1),
	('2023-07-03 15:39:32.755', 2, 5002, 'SEQ : Circulation Tank A Heater ON REQ', 1),
	('2023-07-03 15:39:33.816', 2, 5000, 'SEQ : CIRCULATION_MONITORING_LEVEL -> Tank A Level H', 1),
	('2023-07-03 15:39:37.117', 2, 5000, 'SEQ : CIRCULATION_MONITORING_TEMP_OK_WAIT_DELAY -> Tank A Temp OK(25)', 1),
	('2023-07-03 15:39:43.618', 2, 300, 'Chem1 Concentration OK Low : 0 Value : 1.01 High : 10', 1),
	('2023-07-03 15:39:43.936', 2, 5000, 'SEQ : CHARGE_COMPLETE ->  Tank A REDAY', 1),
	('2023-07-03 15:39:45.528', 2, 5000, 'SEQ : TANK_MIXING_TYPE_CHECK -> Tank B', 1),
	('2023-07-03 15:39:46.956', 2, 5002, 'SEQ SUPPLY : C.C Need', 1),
	('2023-07-03 15:39:46.961', 2, 1000, 'CDS Send : Check_Availability_408', 1),
	('2023-07-03 15:39:47.136', 2, 5000, 'SEQ : TANK_DRAIN_START -> Tank B', 1),
	('2023-07-03 15:40:05.939', 2, 5000, 'SEQ : CIRCULATION_READY -> DSP', 1),
	('2023-07-03 15:40:09.843', 2, 1000, 'CDS Send : Tank_A_Supply_End_Event_Send_459', 1),
	('2023-07-03 15:40:11.727', 2, 5002, 'SEQ : Circulation Tank B Start', 1),
	('2023-07-03 15:40:11.746', 2, 5000, 'SEQ : CIRCULATION_READY -> Input Complete', 1),
	('2023-07-03 15:40:16.734', 2, 5002, 'SEQ : Circulation Tank B Heater ON REQ', 1),
	('2023-07-03 15:40:36.005', 4, 3000, 'All_Stop', 1),
	('2023-07-03 15:40:36.010', 4, 2000, 'frm_schematic.Button Click : btn_all_stop', 1),
	('2023-07-03 15:40:36.070', 2, 1000, 'CDS Send : Manual_Mode_Event_457', 1),
	('2023-07-03 15:40:37.357', 4, 30, 'EQ Mode Manual -> Auto', 1),
	('2023-07-03 15:40:37.360', 4, 2000, 'frm_schematic.Button Click : btn_mode_change', 1),
	('2023-07-03 15:40:37.456', 2, 1000, 'CDS Send : Auto_Mode_Event_456', 1),
	('2023-07-03 15:40:39.050', 2, 5000, 'SEQ : TANK_MIXING_TYPE_CHECK -> Tank A', 1),
	('2023-07-03 15:40:40.647', 2, 5000, 'SEQ : TANK_DRAIN_START -> Tank A', 1),
	('2023-07-03 15:40:45.319', 2, 5000, 'SEQ : CIRCULATION_READY -> DSP', 1),
	('2023-07-03 15:40:51.239', 2, 5002, 'SEQ : Circulation Tank A Start', 1),
	('2023-07-03 15:40:51.334', 2, 5000, 'SEQ : CIRCULATION_READY -> Input Complete', 1),
	('2023-07-03 15:40:56.247', 2, 5002, 'SEQ : Circulation Tank A Heater ON REQ', 1),
	('2023-07-03 15:40:57.418', 2, 5000, 'SEQ : CIRCULATION_MONITORING_LEVEL -> Tank A Level H', 1),
	('2023-07-03 15:41:00.731', 2, 5000, 'SEQ : CIRCULATION_MONITORING_TEMP_OK_WAIT_DELAY -> Tank A Temp OK(25)', 1),
	('2023-07-03 15:41:07.241', 2, 300, 'Chem1 Concentration OK Low : 0 Value : 1.04 High : 10', 1),
	('2023-07-03 15:41:07.561', 2, 5000, 'SEQ : CHARGE_COMPLETE ->  Tank A REDAY', 1),
	('2023-07-03 15:41:09.150', 2, 5000, 'SEQ : TANK_MIXING_TYPE_CHECK -> Tank B', 1),
	('2023-07-03 15:41:09.595', 2, 1000, 'CDS Send : Check_Availability_408', 1),
	('2023-07-03 15:41:14.441', 2, 5000, 'SEQ : CIRCULATION_READY -> DSP', 1),
	('2023-07-03 15:41:20.231', 2, 5000, 'SEQ : CIRCULATION_READY -> Input Complete', 1),
	('2023-07-03 15:41:21.223', 2, 5002, 'SEQ : Circulation Tank B Heater ON REQ', 1),
	('2023-07-03 15:42:29.150', 4, 3000, 'All_Stop', 1),
	('2023-07-03 15:42:29.154', 4, 2000, 'frm_schematic.Button Click : btn_all_stop', 1),
	('2023-07-03 15:42:29.175', 2, 1000, 'CDS Send : Manual_Mode_Event_457', 1),
	('2023-07-03 15:42:33.115', 2, 1000, 'CDS Send : Manual_Mode_Event_457', 1),
	('2023-07-03 15:42:44.073', 4, 30, 'EQ Mode Manual -> Auto', 1),
	('2023-07-03 15:42:44.076', 4, 2000, 'frm_schematic.Button Click : btn_mode_change', 1),
	('2023-07-03 15:42:44.107', 2, 1000, 'CDS Send : Auto_Mode_Event_456', 1),
	('2023-07-03 15:42:44.274', 2, 1000, 'CDS Send : Auto_Mode_Event_456', 1),
	('2023-07-03 15:42:45.688', 2, 5000, 'SEQ : TANK_MIXING_TYPE_CHECK -> Tank A', 1),
	('2023-07-03 15:42:50.990', 2, 5000, 'SEQ : CIRCULATION_READY -> DSP', 1),
	('2023-07-03 15:42:56.696', 2, 5000, 'SEQ : CIRCULATION_READY -> Input Complete', 1),
	('2023-07-03 15:42:56.744', 2, 5002, 'SEQ : Circulation Tank A Start', 1),
	('2023-07-03 15:43:01.756', 2, 5002, 'SEQ : Circulation Tank A Heater ON REQ', 1),
	('2023-07-03 15:43:02.787', 2, 5000, 'SEQ : CIRCULATION_MONITORING_LEVEL -> Tank A Level H', 1),
	('2023-07-03 15:43:06.079', 2, 5000, 'SEQ : CIRCULATION_MONITORING_TEMP_OK_WAIT_DELAY -> Tank A Temp OK(25)', 1),
	('2023-07-03 15:43:12.538', 2, 300, 'Chem1 Concentration OK Low : 0 Value : 1.07 High : 10', 1),
	('2023-07-03 15:43:12.853', 2, 5000, 'SEQ : CHARGE_COMPLETE ->  Tank A REDAY', 1),
	('2023-07-03 15:43:14.446', 2, 5000, 'SEQ : TANK_MIXING_TYPE_CHECK -> Tank B', 1),
	('2023-07-03 15:43:15.884', 2, 5002, 'SEQ SUPPLY : C.C Need', 1),
	('2023-07-03 15:43:15.888', 2, 1000, 'CDS Send : Check_Availability_408', 1),
	('2023-07-03 15:43:19.760', 2, 5000, 'SEQ : CIRCULATION_READY -> DSP', 1),
	('2023-07-03 15:43:25.760', 2, 5000, 'SEQ : CIRCULATION_READY -> Input Complete', 1),
	('2023-07-03 15:43:26.814', 2, 5002, 'SEQ : Circulation Tank B Heater ON REQ', 1),
	('2023-07-03 15:43:55.859', 2, 1000, 'CDS Send : Check_Availability_408', 1),
	('2023-07-03 15:43:58.909', 2, 1000, 'CDS Send : Check_Availability_408', 1),
	('2023-07-03 15:43:59.631', 2, 1000, 'CDS Send : Check_Availability_408', 1),
	('2023-07-03 15:44:30.957', 2, 1000, 'CDS Send : Check_Availability_408', 1),
	('2023-07-03 15:46:11.569', 2, 1000, 'CDS Send : Check_Availability_408', 1),
	('2023-07-03 15:46:24.124', 2, 1000, 'CDS Send : Check_Availability_408', 1),
	('2023-07-03 15:46:24.731', 2, 1000, 'CDS Send : Check_Availability_408', 1),
	('2023-07-03 15:46:27.508', 2, 1000, 'CDS Send : Check_Availability_408', 1),
	('2023-07-03 15:46:40.495', 2, 1000, 'CDS Send : Tank_A_Supply_End_Event_Send_459', 1),
	('2023-07-03 15:46:48.739', 2, 1000, 'CDS Send : Check_Availability_408', 1),
	('2023-07-03 15:46:49.729', 2, 1000, 'CDS Send : Check_Availability_408', 1),
	('2023-07-03 15:46:58.251', 2, 1000, 'CDS Send : Check_Availability_408', 1),
	('2023-07-03 15:47:08.235', 2, 1000, 'CDS Send : Check_Availability_408', 1),
	('2023-07-03 15:47:21.863', 2, 1000, 'CDS Send : Check_Availability_408', 1),
	('2023-07-03 15:48:28.883', 2, 1000, 'CDS Send : Check_Availability_408', 1),
	('2023-07-03 15:48:51.422', 2, 1000, 'CDS Send : Check_Availability_408', 1),
	('2023-07-03 15:49:03.666', 2, 1000, 'CDS Send : Check_Availability_408', 1),
	('2023-07-03 15:52:29.181', 2, 1000, 'CDS Send : Check_Availability_408', 1),
	('2023-07-03 15:52:30.817', 2, 1000, 'CDS Send : Check_Availability_408', 1),
	('2023-07-03 15:52:46.019', 2, 1000, 'CDS Send : Check_Availability_408', 1),
	('2023-07-03 15:52:58.719', 2, 1000, 'CDS Send : Check_Availability_408', 1),
	('2023-07-03 15:53:00.791', 2, 1000, 'CDS Send : Check_Availability_408', 1),
	('2023-07-03 15:53:03.306', 2, 1000, 'CDS Send : Check_Availability_408', 1),
	('2023-07-03 15:53:12.196', 2, 1000, 'CDS Send : Check_Availability_408', 1),
	('2023-07-03 15:53:13.427', 2, 1000, 'CDS Send : Check_Availability_408', 1),
	('2023-07-03 15:53:24.053', 2, 1000, 'CDS Send : Device_Status_100', 1),
	('2023-07-03 15:53:30.476', 2, 1000, 'CDS Send : Device_Status_100', 1),
	('2023-07-03 15:53:33.259', 2, 1000, 'CDS Send : Alarm_Reset_103', 1),
	('2023-07-03 15:53:37.945', 2, 1000, 'CDS Send : Alarm_Reset_103', 1),
	('2023-07-03 15:53:39.338', 2, 1000, 'CDS Send : Tank_A_Supply_End_Event_Send_459', 1),
	('2023-07-03 15:53:41.363', 2, 1000, 'CDS Send : Manual_Chemical_Change_402', 1),
	('2023-07-03 15:53:42.619', 2, 1000, 'CDS Send : DateBase_Change_Notice_109', 1),
	('2023-07-03 15:53:48.685', 2, 1000, 'CDS Send : DateBase_Change_Notice_109', 1),
	('2023-07-03 15:54:03.384', 2, 1000, 'CDS Send : DateBase_Change_Notice_109', 1),
	('2023-07-03 15:54:13.593', 2, 1000, 'CDS Send : DateBase_Change_Notice_109', 1),
	('2023-07-03 15:55:10.549', 4, 10, 'Admin Login', 1),
	('2023-07-03 15:55:12.793', 4, 2000, 'frm_alarm.Button Click : btn_search', 1),
	('2023-07-03 15:55:12.986', 4, 2000, 'frm_parameter.Button Click : btn_search', 1),
	('2023-07-03 15:55:13.709', 4, 2000, 'frm_alarmlog.Button Click : btn_search', 1),
	('2023-07-03 15:55:30.993', 2, 1000, 'CTC Connected', 1),
	('2023-07-03 15:55:35.322', 2, 1000, 'CDS -> CTC Alarm Update Complete', 1),
	('2023-07-03 15:55:38.386', 2, 1000, 'CDS -> CTC Parameter Update Complete', 1),
	('2023-07-03 15:55:39.821', 2, 1000, 'CDS Send : Device_Status_100', 1),
	('2023-07-03 15:55:55.829', 2, 1000, 'CDS Send : Device_Status_100', 1),
	('2023-07-03 15:56:24.474', 4, 30, 'EQ Mode Manual -> Auto', 1),
	('2023-07-03 15:56:24.479', 4, 2000, 'frm_schematic.Button Click : btn_mode_change', 1),
	('2023-07-03 15:56:24.497', 2, 1000, 'CDS Send : Auto_Mode_Event_456', 1),
	('2023-07-03 15:56:24.661', 2, 1000, 'CDS Send : Auto_Mode_Event_456', 1),
	('2023-07-03 15:56:26.089', 2, 5000, 'SEQ : TANK_MIXING_TYPE_CHECK -> Tank A', 1),
	('2023-07-03 15:56:28.443', 2, 5000, 'SEQ : CIRCULATION_READY -> DSP', 1),
	('2023-07-03 15:56:34.289', 2, 5002, 'SEQ : Circulation Tank A Start', 1),
	('2023-07-03 15:56:34.323', 2, 5000, 'SEQ : CIRCULATION_READY -> Input Complete', 1),
	('2023-07-03 15:56:39.306', 2, 5002, 'SEQ : Circulation Tank A Heater ON REQ', 1),
	('2023-07-03 15:56:40.397', 2, 5000, 'SEQ : CIRCULATION_MONITORING_LEVEL -> Tank A Level H', 1),
	('2023-07-03 15:56:43.689', 2, 5000, 'SEQ : CIRCULATION_MONITORING_TEMP_OK_WAIT_DELAY -> Tank A Temp OK(25)', 1),
	('2023-07-03 15:56:50.188', 2, 300, 'Chem1 Concentration OK Low : 0 Value : 1.08 High : 10', 1),
	('2023-07-03 15:56:50.505', 2, 5000, 'SEQ : CHARGE_COMPLETE ->  Tank A REDAY', 1),
	('2023-07-03 15:56:52.107', 2, 5000, 'SEQ : TANK_MIXING_TYPE_CHECK -> Tank B', 1),
	('2023-07-03 15:56:53.540', 2, 5002, 'SEQ SUPPLY : C.C Need', 1),
	('2023-07-03 15:56:53.546', 2, 1000, 'CDS Send : Check_Availability_408', 1),
	('2023-07-03 15:56:57.383', 2, 5000, 'SEQ : CIRCULATION_READY -> DSP', 1),
	('2023-07-03 15:57:03.381', 2, 5000, 'SEQ : CIRCULATION_READY -> Input Complete', 1),
	('2023-07-03 15:57:04.347', 2, 5002, 'SEQ : Circulation Tank B Heater ON REQ', 1),
	('2023-07-03 15:59:48.357', 4, 10, 'Admin Login', 1),
	('2023-07-03 15:59:50.105', 4, 2000, 'frm_alarm.Button Click : btn_search', 1),
	('2023-07-03 15:59:50.412', 4, 2000, 'frm_parameter.Button Click : btn_search', 1),
	('2023-07-03 15:59:51.326', 4, 2000, 'frm_alarmlog.Button Click : btn_search', 1),
	('2023-07-03 16:00:00.243', 4, 30, 'EQ Mode Manual -> Auto', 1),
	('2023-07-03 16:00:00.245', 4, 2000, 'frm_schematic.Button Click : btn_mode_change', 1),
	('2023-07-03 16:00:01.871', 2, 5000, 'SEQ : TANK_MIXING_TYPE_CHECK -> Tank A', 1),
	('2023-07-03 16:00:04.211', 2, 5000, 'SEQ : CIRCULATION_READY -> DSP', 1),
	('2023-07-03 16:00:10.134', 2, 5002, 'SEQ : Circulation Tank A Start', 1),
	('2023-07-03 16:00:10.137', 2, 5000, 'SEQ : CIRCULATION_READY -> Input Complete', 1),
	('2023-07-03 16:00:15.151', 2, 5002, 'SEQ : Circulation Tank A Heater ON REQ', 1),
	('2023-07-03 16:00:16.220', 2, 5000, 'SEQ : CIRCULATION_MONITORING_LEVEL -> Tank A Level H', 1),
	('2023-07-03 16:00:18.362', 2, 1000, 'CTC Connected', 1),
	('2023-07-03 16:00:19.501', 2, 5000, 'SEQ : CIRCULATION_MONITORING_TEMP_OK_WAIT_DELAY -> Tank A Temp OK(25)', 1),
	('2023-07-03 16:00:22.737', 2, 1000, 'CDS -> CTC Alarm Update Complete', 1),
	('2023-07-03 16:00:25.800', 2, 1000, 'CDS -> CTC Parameter Update Complete', 1),
	('2023-07-03 16:00:25.920', 2, 1000, 'CTC Connected', 1),
	('2023-07-03 16:00:25.974', 2, 300, 'Chem1 Concentration OK Low : 0 Value : 1.02 High : 10', 1),
	('2023-07-03 16:00:26.296', 2, 5000, 'SEQ : CHARGE_COMPLETE ->  Tank A REDAY', 1),
	('2023-07-03 16:00:27.887', 2, 5000, 'SEQ : TANK_MIXING_TYPE_CHECK -> Tank B', 1),
	('2023-07-03 16:00:29.313', 2, 5002, 'SEQ SUPPLY : C.C Need', 1),
	('2023-07-03 16:00:29.318', 2, 1000, 'CDS Send : Check_Availability_408', 1),
	('2023-07-03 16:00:29.435', 2, 1000, 'CTC Rcv : Check_Availability_408', 1),
	('2023-07-03 16:00:29.556', 2, 1000, 'Check_Availability_408 Response OK', 1),
	('2023-07-03 16:00:31.364', 2, 5002, 'SEQ SUPPLY : START', 1),
	('2023-07-03 16:00:31.370', 2, 5002, 'SEQ SUPPLY : C.C Need(TANK A LEVEL L OFF)', 1),
	('2023-07-03 16:00:31.420', 2, 5002, 'SEQ SUPPLY : Circulation Heater OFF', 1),
	('2023-07-03 16:00:31.516', 2, 5002, 'SEQ SUPPLY : Circulation Valve OFF -> Tank A', 1),
	('2023-07-03 16:00:31.585', 2, 1000, 'CDS Send : Tank_A_Supply_Start_Event_Send_458', 1),
	('2023-07-03 16:00:31.588', 2, 5002, 'SEQ SUPPLY : Supply Valve On -> Tank A', 1),
	('2023-07-03 16:00:31.658', 2, 1000, 'CTC Rcv : Tank_A_Supply_Start_Event_Send_458', 1),
	('2023-07-03 16:00:31.658', 2, 5002, 'SEQ SUPPLY : Pump On  -> Tank A', 1),
	('2023-07-03 16:00:33.175', 2, 5000, 'SEQ : CIRCULATION_READY -> DSP', 1),
	('2023-07-03 16:00:36.748', 2, 5002, 'SEQ SUPPLY : Heater On', 1),
	('2023-07-03 16:00:36.838', 2, 5002, 'SEQ SUPPLY : Enable -> true', 1),
	('2023-07-03 16:00:36.842', 2, 5002, 'SEQ SUPPLY : C.C Need(TANK A LEVEL L OFF)', 1),
	('2023-07-03 16:00:39.071', 2, 5000, 'SEQ : CIRCULATION_READY -> Input Complete', 1),
	('2023-07-03 16:00:39.174', 2, 5002, 'SEQ : Circulation Tank B Start', 1),
	('2023-07-03 16:00:41.852', 2, 5000, 'SEQ : CIRCULATION_MONITORING_LEVEL -> Tank A Supply Temp OK(25)', 1),
	('2023-07-03 16:00:41.855', 2, 1000, 'CDS Send : Supply_Enable_Event_Send_450', 1),
	('2023-07-03 16:00:41.957', 2, 1000, 'CTC Rcv : Supply_Enable_Event_Send_450', 1),
	('2023-07-03 16:00:43.370', 2, 300, 'Chem1 Concentration OK Low : 0 Value : 1.08 High : 10', 1),
	('2023-07-03 16:00:44.178', 2, 5002, 'SEQ : Circulation Tank B Heater ON REQ', 1),
	('2023-07-03 16:00:45.150', 2, 5000, 'SEQ : CIRCULATION_MONITORING_LEVEL -> Tank B Level H', 1),
	('2023-07-03 16:01:07.827', 4, 10, 'Admin Login', 1),
	('2023-07-03 16:01:09.165', 4, 2000, 'frm_alarm.Button Click : btn_search', 1),
	('2023-07-03 16:01:09.372', 4, 2000, 'frm_parameter.Button Click : btn_search', 1),
	('2023-07-03 16:01:10.094', 4, 2000, 'frm_alarmlog.Button Click : btn_search', 1),
	('2023-07-03 16:01:18.838', 4, 30, 'EQ Mode Manual -> Auto', 1),
	('2023-07-03 16:01:18.841', 4, 2000, 'frm_schematic.Button Click : btn_mode_change', 1),
	('2023-07-03 16:01:20.522', 2, 5000, 'SEQ : TANK_MIXING_TYPE_CHECK -> Tank A', 1),
	('2023-07-03 16:01:21.267', 2, 1000, 'CTC Connected', 1),
	('2023-07-03 16:01:22.861', 2, 5000, 'SEQ : CIRCULATION_READY -> DSP', 1),
	('2023-07-03 16:01:25.622', 2, 1000, 'CDS -> CTC Alarm Update Complete', 1),
	('2023-07-03 16:01:28.568', 2, 5000, 'SEQ : CIRCULATION_READY -> Input Complete', 1),
	('2023-07-03 16:01:28.638', 2, 1000, 'CDS -> CTC Parameter Update Complete', 1),
	('2023-07-03 16:01:28.642', 2, 5002, 'SEQ : Circulation Tank A Start', 1),
	('2023-07-03 16:01:28.730', 2, 1000, 'CTC Connected', 1),
	('2023-07-03 16:01:33.651', 2, 5002, 'SEQ : Circulation Tank A Heater ON REQ', 1),
	('2023-07-03 16:01:34.648', 2, 5000, 'SEQ : CIRCULATION_MONITORING_LEVEL -> Tank A Level H', 1),
	('2023-07-03 16:01:37.930', 2, 5000, 'SEQ : CIRCULATION_MONITORING_TEMP_OK_WAIT_DELAY -> Tank A Temp OK(25)', 1),
	('2023-07-03 16:01:44.420', 2, 300, 'Chem1 Concentration OK Low : 0 Value : 1.01 High : 10', 1),
	('2023-07-03 16:01:44.740', 2, 5000, 'SEQ : CHARGE_COMPLETE ->  Tank A REDAY', 1),
	('2023-07-03 16:01:46.335', 2, 5000, 'SEQ : TANK_MIXING_TYPE_CHECK -> Tank B', 1),
	('2023-07-03 16:01:47.780', 2, 5002, 'SEQ SUPPLY : C.C Need', 1),
	('2023-07-03 16:01:47.787', 2, 1000, 'CDS Send : Check_Availability_408', 1),
	('2023-07-03 16:01:47.887', 2, 1000, 'CTC Rcv : Check_Availability_408', 1),
	('2023-07-03 16:01:48.008', 2, 1000, 'Check_Availability_408 Response OK', 1),
	('2023-07-03 16:01:48.038', 2, 5002, 'SEQ SUPPLY : START', 1),
	('2023-07-03 16:01:48.044', 2, 5002, 'SEQ SUPPLY : C.C Need(TANK A LEVEL L OFF)', 1),
	('2023-07-03 16:01:48.083', 2, 5002, 'SEQ SUPPLY : Circulation Heater OFF', 1),
	('2023-07-03 16:01:48.173', 2, 5002, 'SEQ SUPPLY : Circulation Valve OFF -> Tank A', 1),
	('2023-07-03 16:01:48.236', 2, 1000, 'CDS Send : Tank_A_Supply_Start_Event_Send_458', 1),
	('2023-07-03 16:01:48.242', 2, 5002, 'SEQ SUPPLY : Supply Valve On -> Tank A', 1),
	('2023-07-03 16:01:48.310', 2, 1000, 'CTC Rcv : Tank_A_Supply_Start_Event_Send_458', 1),
	('2023-07-03 16:01:48.310', 2, 5002, 'SEQ SUPPLY : Pump On  -> Tank A', 1),
	('2023-07-03 16:01:51.657', 2, 5000, 'SEQ : CIRCULATION_READY -> DSP', 1),
	('2023-07-03 16:01:53.390', 2, 5002, 'SEQ SUPPLY : Heater On', 1),
	('2023-07-03 16:01:53.480', 2, 5002, 'SEQ SUPPLY : Enable -> true', 1),
	('2023-07-03 16:01:53.483', 2, 5002, 'SEQ SUPPLY : C.C Need(TANK A LEVEL L OFF)', 1),
	('2023-07-03 16:01:57.556', 2, 5002, 'SEQ : Circulation Tank B Start', 1),
	('2023-07-03 16:01:57.574', 2, 5000, 'SEQ : CIRCULATION_READY -> Input Complete', 1),
	('2023-07-03 16:01:58.499', 2, 5000, 'SEQ : CIRCULATION_MONITORING_LEVEL -> Tank A Supply Temp OK(25)', 1),
	('2023-07-03 16:01:58.503', 2, 1000, 'CDS Send : Supply_Enable_Event_Send_450', 1),
	('2023-07-03 16:01:58.621', 2, 1000, 'CTC Rcv : Supply_Enable_Event_Send_450', 1),
	('2023-07-03 16:01:59.980', 2, 300, 'Chem1 Concentration OK Low : 0 Value : 1.04 High : 10', 1),
	('2023-07-03 16:02:02.569', 2, 5002, 'SEQ : Circulation Tank B Heater ON REQ', 1),
	('2023-07-03 16:02:03.660', 2, 5000, 'SEQ : CIRCULATION_MONITORING_LEVEL -> Tank B Level H', 1),
	('2023-07-03 16:02:06.947', 2, 5000, 'SEQ : CIRCULATION_MONITORING_TEMP_OK_WAIT_DELAY -> Tank B Temp OK(25)', 1),
	('2023-07-03 16:02:13.414', 2, 300, 'Chem1 Concentration OK Low : 0 Value : 1.05 High : 10', 1),
	('2023-07-03 16:02:13.731', 2, 5000, 'SEQ : CHARGE_COMPLETE ->  Tank B REDAY', 1),
	('2023-07-03 16:03:00.012', 2, 300, 'Chem1 Concentration OK Low : 0 Value : 1.03 High : 10', 1),
	('2023-07-03 16:03:48.060', 2, 5002, 'SEQ SUPPLY : C.C Need(TANK A LIFE TIME OVER)', 1),
	('2023-07-03 16:03:48.063', 2, 5002, 'SEQ SUPPLY : C.C Need', 1),
	('2023-07-03 16:03:50.813', 2, 1000, 'CDS Send : Chemical_Change_Request_400', 1),
	('2023-07-03 16:03:50.875', 2, 1000, 'CTC Rcv : Chemical_Change_Request_400', 1),
	('2023-07-03 16:04:00.022', 2, 300, 'Chem1 Concentration OK Low : 0 Value : 1.01 High : 10', 1),
	('2023-07-03 16:04:01.292', 2, 1000, 'CDS Send : Check_Availability_408', 1),
	('2023-07-03 16:04:01.366', 2, 1000, 'CTC Rcv : Check_Availability_408', 1),
	('2023-07-03 16:04:01.487', 2, 1000, 'Check_Availability_408 Response OK', 1),
	('2023-07-03 16:04:01.505', 2, 1000, 'CDS Send : Chemical_Change_Start_Event_Send_452', 1),
	('2023-07-03 16:04:01.509', 2, 5002, 'SEQ SUPPLY : C.C Process -> Tank A', 1),
	('2023-07-03 16:04:01.533', 2, 5002, 'SEQ SUPPLY : START', 1),
	('2023-07-03 16:04:01.536', 2, 5002, 'SEQ SUPPLY : C.C Need', 1),
	('2023-07-03 16:04:01.540', 2, 1000, 'CDS Send : Chemical_Change_Request_400', 1),
	('2023-07-03 16:04:01.578', 2, 5002, 'SEQ SUPPLY : Circulation Heater OFF', 1),
	('2023-07-03 16:04:01.608', 2, 1000, 'CTC Rcv : Chemical_Change_Start_Event_Send_452', 1),
	('2023-07-03 16:04:01.670', 2, 5002, 'SEQ SUPPLY : Circulation Valve OFF -> Tank B', 1),
	('2023-07-03 16:04:01.730', 2, 1000, 'CTC Rcv : Chemical_Change_Request_400', 1),
	('2023-07-03 16:04:01.790', 2, 1000, 'CDS Send : Tank_B_Supply_Start_Event_Send_460', 1),
	('2023-07-03 16:04:01.793', 2, 5002, 'SEQ SUPPLY : Supply Valve On -> Tank B', 1),
	('2023-07-03 16:04:01.852', 2, 5002, 'SEQ SUPPLY : Pump On  -> Tank B', 1),
	('2023-07-03 16:04:01.974', 2, 1000, 'CTC Rcv : Tank_B_Supply_Start_Event_Send_460', 1),
	('2023-07-03 16:04:05.023', 2, 5000, 'SEQ : TANK_MIXING_TYPE_CHECK -> Tank A', 1),
	('2023-07-03 16:04:06.617', 2, 5000, 'SEQ : TANK_DRAIN_START -> Tank A', 1),
	('2023-07-03 16:04:09.992', 2, 5002, 'SEQ SUPPLY : Heater On', 1),
	('2023-07-03 16:04:10.101', 2, 1000, 'CDS Send : Chemical_Change_End_Event_Send_453', 1),
	('2023-07-03 16:04:10.105', 2, 5002, 'SEQ SUPPLY : Enable -> true', 1),
	('2023-07-03 16:04:10.108', 2, 5002, 'SEQ SUPPLY : C.C Need(TANK B LEVEL L OFF)', 1),
	('2023-07-03 16:04:10.224', 2, 1000, 'CTC Rcv : Chemical_Change_End_Event_Send_453', 1),
	('2023-07-03 16:04:15.132', 2, 5000, 'SEQ : TANK_EMPTY_CHECK2 -> Tank A Supply Temp OK(25)', 1),
	('2023-07-03 16:04:20.816', 2, 5000, 'SEQ : CIRCULATION_READY -> DSP', 1),
	('2023-07-03 16:04:26.622', 2, 5000, 'SEQ : CIRCULATION_READY -> Input Complete', 1),
	('2023-07-03 16:04:26.628', 2, 5002, 'SEQ : Circulation Tank A Start', 1),
	('2023-07-03 16:04:31.632', 2, 5002, 'SEQ : Circulation Tank A Heater ON REQ', 1),
	('2023-07-03 16:04:32.702', 2, 5000, 'SEQ : CIRCULATION_MONITORING_LEVEL -> Tank A Level H', 1),
	('2023-07-03 16:04:35.995', 2, 5000, 'SEQ : CIRCULATION_MONITORING_TEMP_OK_WAIT_DELAY -> Tank A Temp OK(25)', 1),
	('2023-07-03 16:04:42.438', 2, 300, 'Chem1 Concentration OK Low : 0 Value : 1.07 High : 10', 1),
	('2023-07-03 16:04:42.753', 2, 5000, 'SEQ : CHARGE_COMPLETE ->  Tank A REDAY', 1),
	('2023-07-03 16:05:07.219', 4, 10, 'Admin Login', 1),
	('2023-07-03 16:05:08.682', 4, 2000, 'frm_alarm.Button Click : btn_search', 1),
	('2023-07-03 16:05:08.849', 4, 2000, 'frm_parameter.Button Click : btn_search', 1),
	('2023-07-03 16:05:09.516', 4, 2000, 'frm_alarmlog.Button Click : btn_search', 1),
	('2023-07-03 16:05:15.525', 4, 30, 'EQ Mode Manual -> Auto', 1),
	('2023-07-03 16:05:15.528', 4, 2000, 'frm_schematic.Button Click : btn_mode_change', 1),
	('2023-07-03 16:05:17.153', 2, 5000, 'SEQ : TANK_MIXING_TYPE_CHECK -> Tank A', 1),
	('2023-07-03 16:05:18.432', 2, 1000, 'CTC Connected', 1),
	('2023-07-03 16:05:18.742', 2, 5000, 'SEQ : TANK_DRAIN_START -> Tank A', 1),
	('2023-07-03 16:05:22.740', 2, 1000, 'CDS -> CTC Alarm Update Complete', 1),
	('2023-07-03 16:05:24.689', 2, 1000, 'CTC Connected', 1),
	('2023-07-03 16:05:25.219', 2, 5000, 'SEQ : CIRCULATION_READY -> DSP', 1),
	('2023-07-03 16:05:25.757', 2, 1000, 'CDS -> CTC Parameter Update Complete', 1),
	('2023-07-03 16:05:31.117', 2, 5002, 'SEQ : Circulation Tank A Start', 1),
	('2023-07-03 16:05:31.121', 2, 5000, 'SEQ : CIRCULATION_READY -> Input Complete', 1),
	('2023-07-03 16:05:36.133', 2, 5002, 'SEQ : Circulation Tank A Heater ON REQ', 1),
	('2023-07-03 16:05:37.194', 2, 5000, 'SEQ : CIRCULATION_MONITORING_LEVEL -> Tank A Level H', 1),
	('2023-07-03 16:05:40.409', 2, 5000, 'SEQ : CIRCULATION_MONITORING_TEMP_OK_WAIT_DELAY -> Tank A Temp OK(25)', 1),
	('2023-07-03 16:05:46.845', 2, 300, 'Chem1 Concentration OK Low : 0 Value : 1.07 High : 10', 1),
	('2023-07-03 16:05:47.170', 2, 5000, 'SEQ : CHARGE_COMPLETE ->  Tank A REDAY', 1),
	('2023-07-03 16:05:48.755', 2, 5000, 'SEQ : TANK_MIXING_TYPE_CHECK -> Tank B', 1),
	('2023-07-03 16:05:50.206', 2, 5002, 'SEQ SUPPLY : C.C Need', 1),
	('2023-07-03 16:05:50.212', 2, 1000, 'CDS Send : Check_Availability_408', 1),
	('2023-07-03 16:05:50.327', 2, 1000, 'CTC Rcv : Check_Availability_408', 1),
	('2023-07-03 16:05:50.524', 2, 1000, 'Check_Availability_408 Response OK', 1),
	('2023-07-03 16:05:50.539', 2, 5002, 'SEQ SUPPLY : START', 1),
	('2023-07-03 16:05:50.543', 2, 5002, 'SEQ SUPPLY : C.C Need(TANK A LEVEL L OFF)', 1),
	('2023-07-03 16:05:50.569', 2, 5002, 'SEQ SUPPLY : Circulation Heater OFF', 1),
	('2023-07-03 16:05:50.660', 2, 5002, 'SEQ SUPPLY : Circulation Valve OFF -> Tank A', 1),
	('2023-07-03 16:05:50.721', 2, 1000, 'CDS Send : Tank_A_Supply_Start_Event_Send_458', 1),
	('2023-07-03 16:05:50.724', 2, 5002, 'SEQ SUPPLY : Supply Valve On -> Tank A', 1),
	('2023-07-03 16:05:50.766', 2, 1000, 'CTC Rcv : Tank_A_Supply_Start_Event_Send_458', 1),
	('2023-07-03 16:05:50.781', 2, 5002, 'SEQ SUPPLY : Pump On  -> Tank A', 1),
	('2023-07-03 16:05:54.045', 2, 5000, 'SEQ : CIRCULATION_READY -> DSP', 1),
	('2023-07-03 16:05:55.845', 2, 5002, 'SEQ SUPPLY : Heater On', 1),
	('2023-07-03 16:05:55.934', 2, 5002, 'SEQ SUPPLY : Enable -> true', 1),
	('2023-07-03 16:05:55.937', 2, 5002, 'SEQ SUPPLY : C.C Need(TANK A LEVEL L OFF)', 1),
	('2023-07-03 16:05:59.632', 2, 5002, 'SEQ : Circulation Tank B Start', 1),
	('2023-07-03 16:05:59.710', 2, 5000, 'SEQ : CIRCULATION_READY -> Input Complete', 1),
	('2023-07-03 16:06:00.946', 2, 5000, 'SEQ : CIRCULATION_MONITORING_LEVEL -> Tank A Supply Temp OK(25)', 1),
	('2023-07-03 16:06:00.951', 2, 1000, 'CDS Send : Supply_Enable_Event_Send_450', 1),
	('2023-07-03 16:06:01.031', 2, 1000, 'CTC Rcv : Supply_Enable_Event_Send_450', 1),
	('2023-07-03 16:06:02.428', 2, 300, 'Chem1 Concentration OK Low : 0 Value : 1.03 High : 10', 1),
	('2023-07-03 16:06:04.650', 2, 5002, 'SEQ : Circulation Tank B Heater ON REQ', 1),
	('2023-07-03 16:06:05.784', 2, 5000, 'SEQ : CIRCULATION_MONITORING_LEVEL -> Tank B Level H', 1),
	('2023-07-03 16:06:09.083', 2, 5000, 'SEQ : CIRCULATION_MONITORING_TEMP_OK_WAIT_DELAY -> Tank B Temp OK(25)', 1),
	('2023-07-03 16:06:15.541', 2, 300, 'Chem1 Concentration OK Low : 0 Value : 1.08 High : 10', 1),
	('2023-07-03 16:06:15.872', 2, 5000, 'SEQ : CHARGE_COMPLETE ->  Tank B REDAY', 1),
	('2023-07-03 16:06:31.795', 2, 5002, 'SEQ SUPPLY : C.C Need(TANK A LIFE TIME OVER)', 1),
	('2023-07-03 16:06:31.798', 2, 5002, 'SEQ SUPPLY : C.C Need', 1),
	('2023-07-03 16:06:31.801', 2, 1000, 'CDS Send : Chemical_Change_Request_400', 1),
	('2023-07-03 16:06:31.915', 2, 1000, 'CTC Rcv : Chemical_Change_Request_400', 1),
	('2023-07-03 16:06:35.827', 2, 1000, 'CDS Send : Check_Availability_408', 1),
	('2023-07-03 16:06:35.921', 2, 1000, 'CTC Rcv : Check_Availability_408', 1),
	('2023-07-03 16:06:36.041', 2, 1000, 'Check_Availability_408 Response OK', 1),
	('2023-07-03 16:06:36.059', 2, 1000, 'CDS Send : Chemical_Change_Start_Event_Send_452', 1),
	('2023-07-03 16:06:36.062', 2, 5002, 'SEQ SUPPLY : C.C Process -> Tank A', 1),
	('2023-07-03 16:06:36.087', 2, 5002, 'SEQ SUPPLY : START', 1),
	('2023-07-03 16:06:36.091', 2, 5002, 'SEQ SUPPLY : C.C Need', 1),
	('2023-07-03 16:06:36.096', 2, 1000, 'CDS Send : Chemical_Change_Request_400', 1),
	('2023-07-03 16:06:36.132', 2, 5002, 'SEQ SUPPLY : Circulation Heater OFF', 1),
	('2023-07-03 16:06:36.162', 2, 1000, 'CTC Rcv : Chemical_Change_Start_Event_Send_452', 1),
	('2023-07-03 16:06:36.222', 2, 5002, 'SEQ SUPPLY : Circulation Valve OFF -> Tank B', 1),
	('2023-07-03 16:06:36.283', 2, 1000, 'CTC Rcv : Chemical_Change_Request_400', 1),
	('2023-07-03 16:06:36.344', 2, 1000, 'CDS Send : Tank_B_Supply_Start_Event_Send_460', 1),
	('2023-07-03 16:06:36.347', 2, 5002, 'SEQ SUPPLY : Supply Valve On -> Tank B', 1),
	('2023-07-03 16:06:36.403', 2, 5002, 'SEQ SUPPLY : Pump On  -> Tank B', 1),
	('2023-07-03 16:06:36.464', 2, 1000, 'CTC Rcv : Tank_B_Supply_Start_Event_Send_460', 1),
	('2023-07-03 16:06:39.613', 2, 5000, 'SEQ : TANK_MIXING_TYPE_CHECK -> Tank A', 1),
	('2023-07-03 16:06:41.204', 2, 5000, 'SEQ : TANK_DRAIN_START -> Tank A', 1),
	('2023-07-03 16:06:44.570', 2, 5002, 'SEQ SUPPLY : Heater On', 1),
	('2023-07-03 16:06:44.660', 2, 1000, 'CDS Send : Chemical_Change_End_Event_Send_453', 1),
	('2023-07-03 16:06:44.663', 2, 5002, 'SEQ SUPPLY : Enable -> true', 1),
	('2023-07-03 16:06:44.667', 2, 5002, 'SEQ SUPPLY : C.C Need(TANK B LEVEL L OFF)', 1),
	('2023-07-03 16:06:44.675', 2, 1000, 'CTC Rcv : Chemical_Change_End_Event_Send_453', 1),
	('2023-07-03 16:06:46.824', 2, 5000, 'SEQ : CIRCULATION_READY -> DSP', 1),
	('2023-07-03 16:06:49.686', 2, 5000, 'SEQ : CIRCULATION_READY -> Tank A Supply Temp OK(25)', 1),
	('2023-07-03 16:06:52.644', 2, 5002, 'SEQ : Circulation Tank A Start', 1),
	('2023-07-03 16:06:52.692', 2, 5000, 'SEQ : CIRCULATION_READY -> Input Complete', 1),
	('2023-07-03 16:06:57.649', 2, 5002, 'SEQ : Circulation Tank A Heater ON REQ', 1),
	('2023-07-03 16:06:58.768', 2, 5000, 'SEQ : CIRCULATION_MONITORING_LEVEL -> Tank A Level H', 1),
	('2023-07-03 16:07:02.053', 2, 5000, 'SEQ : CIRCULATION_MONITORING_TEMP_OK_WAIT_DELAY -> Tank A Temp OK(25)', 1),
	('2023-07-03 16:07:02.445', 2, 300, 'Chem1 Concentration OK Low : 0 Value : 1.01 High : 10', 1),
	('2023-07-03 16:07:09.269', 2, 300, 'Chem1 Concentration OK Low : 0 Value : 1.08 High : 10', 1),
	('2023-07-03 16:07:09.591', 2, 5000, 'SEQ : CHARGE_COMPLETE ->  Tank A REDAY', 1),
	('2023-07-03 16:07:13.595', 2, 5002, 'SEQ SUPPLY : C.C Need(TANK B LIFE TIME OVER)', 1),
	('2023-07-03 16:07:37.377', 2, 1000, 'CDS Send : Chemical_Change_Confirm_401', 1),
	('2023-07-03 16:07:37.491', 2, 1000, 'CTC Rcv : Chemical_Change_Confirm_401', 1),
	('2023-07-03 16:07:37.522', 2, 1000, 'CDS Send : Chemical_Change_Start_Event_Send_452', 1),
	('2023-07-03 16:07:37.525', 2, 5002, 'SEQ SUPPLY : C.C Process -> Tank B', 1),
	('2023-07-03 16:07:37.553', 2, 5002, 'SEQ SUPPLY : START', 1),
	('2023-07-03 16:07:37.582', 2, 5002, 'SEQ SUPPLY : Circulation Heater OFF', 1),
	('2023-07-03 16:07:37.672', 2, 5002, 'SEQ SUPPLY : Circulation Valve OFF -> Tank A', 1),
	('2023-07-03 16:07:37.732', 2, 1000, 'CTC Rcv : Chemical_Change_Start_Event_Send_452', 1),
	('2023-07-03 16:07:37.793', 2, 1000, 'CDS Send : Tank_A_Supply_Start_Event_Send_458', 1),
	('2023-07-03 16:07:37.797', 2, 5002, 'SEQ SUPPLY : Supply Valve On -> Tank A', 1),
	('2023-07-03 16:07:37.854', 2, 5002, 'SEQ SUPPLY : Pump On  -> Tank A', 1),
	('2023-07-03 16:07:37.914', 2, 1000, 'CTC Rcv : Tank_A_Supply_Start_Event_Send_458', 1),
	('2023-07-03 16:07:40.958', 2, 5000, 'SEQ : TANK_MIXING_TYPE_CHECK -> Tank B', 1),
	('2023-07-03 16:07:42.553', 2, 5000, 'SEQ : TANK_DRAIN_START -> Tank B', 1),
	('2023-07-03 16:07:45.985', 2, 5002, 'SEQ SUPPLY : Heater On', 1),
	('2023-07-03 16:07:46.061', 2, 1000, 'CDS Send : Chemical_Change_End_Event_Send_453', 1),
	('2023-07-03 16:07:46.065', 2, 5002, 'SEQ SUPPLY : Enable -> true', 1),
	('2023-07-03 16:07:46.069', 2, 5002, 'SEQ SUPPLY : C.C Need(TANK A LEVEL L OFF)', 1),
	('2023-07-03 16:07:46.136', 2, 1000, 'CTC Rcv : Chemical_Change_End_Event_Send_453', 1),
	('2023-07-03 16:07:51.075', 2, 5000, 'SEQ : TANK_EMPTY_CHECK2 -> Tank A Supply Temp OK(25)', 1),
	('2023-07-03 16:07:55.895', 2, 5000, 'SEQ : CIRCULATION_READY -> DSP', 1),
	('2023-07-03 16:08:01.628', 2, 5002, 'SEQ : Circulation Tank B Start', 1),
	('2023-07-03 16:08:01.676', 2, 5000, 'SEQ : CIRCULATION_READY -> Input Complete', 1),
	('2023-07-03 16:08:02.477', 2, 300, 'Chem1 Concentration OK Low : 0 Value : 1.04 High : 10', 1),
	('2023-07-03 16:08:06.644', 2, 5002, 'SEQ : Circulation Tank B Heater ON REQ', 1),
	('2023-07-03 16:08:07.750', 2, 5000, 'SEQ : CIRCULATION_MONITORING_LEVEL -> Tank B Level H', 1),
	('2023-07-03 16:08:10.218', 2, 5002, 'SEQ SUPPLY : C.C Need(TANK A LIFE TIME OVER)', 1),
	('2023-07-03 16:08:10.221', 2, 5002, 'SEQ SUPPLY : C.C Need', 1),
	('2023-07-03 16:08:10.225', 2, 1000, 'CDS Send : Chemical_Change_Request_400', 1),
	('2023-07-03 16:08:10.339', 2, 1000, 'CTC Rcv : Chemical_Change_Request_400', 1),
	('2023-07-03 16:08:11.032', 2, 5000, 'SEQ : CIRCULATION_MONITORING_TEMP_OK_WAIT_DELAY -> Tank B Temp OK(25)', 1),
	('2023-07-03 16:08:17.506', 2, 300, 'Chem1 Concentration OK Low : 0 Value : 1.07 High : 10', 1),
	('2023-07-03 16:08:17.823', 2, 5000, 'SEQ : CHARGE_COMPLETE ->  Tank B REDAY', 1),
	('2023-07-03 16:08:22.855', 2, 1000, 'CDS Send : Chemical_Change_Confirm_401', 1),
	('2023-07-03 16:08:22.937', 2, 1000, 'CTC Rcv : Chemical_Change_Confirm_401', 1),
	('2023-07-03 16:08:22.967', 2, 1000, 'CDS Send : Chemical_Change_Start_Event_Send_452', 1),
	('2023-07-03 16:08:22.970', 2, 5002, 'SEQ SUPPLY : C.C Process -> Tank A', 1),
	('2023-07-03 16:08:22.996', 2, 5002, 'SEQ SUPPLY : START', 1),
	('2023-07-03 16:08:23.000', 2, 5002, 'SEQ SUPPLY : C.C Need', 1),
	('2023-07-03 16:08:23.003', 2, 1000, 'CDS Send : Chemical_Change_Request_400', 1),
	('2023-07-03 16:08:23.028', 2, 5002, 'SEQ SUPPLY : Circulation Heater OFF', 1),
	('2023-07-03 16:08:23.116', 2, 5002, 'SEQ SUPPLY : Circulation Valve OFF -> Tank B', 1),
	('2023-07-03 16:08:23.177', 2, 1000, 'CTC Rcv : Chemical_Change_Start_Event_Send_452', 1),
	('2023-07-03 16:08:23.237', 2, 1000, 'CDS Send : Tank_B_Supply_Start_Event_Send_460', 1),
	('2023-07-03 16:08:23.241', 2, 5002, 'SEQ SUPPLY : Supply Valve On -> Tank B', 1),
	('2023-07-03 16:08:23.297', 2, 1000, 'CTC Rcv : Chemical_Change_Request_400', 1),
	('2023-07-03 16:08:23.297', 2, 5002, 'SEQ SUPPLY : Pump On  -> Tank B', 1),
	('2023-07-03 16:08:23.539', 2, 1000, 'CTC Rcv : Tank_B_Supply_Start_Event_Send_460', 1),
	('2023-07-03 16:08:26.423', 2, 5000, 'SEQ : TANK_MIXING_TYPE_CHECK -> Tank A', 1),
	('2023-07-03 16:08:28.017', 2, 5000, 'SEQ : TANK_DRAIN_START -> Tank A', 1),
	('2023-07-03 16:08:31.442', 2, 5002, 'SEQ SUPPLY : Heater On', 1),
	('2023-07-03 16:08:31.533', 2, 1000, 'CDS Send : Chemical_Change_End_Event_Send_453', 1),
	('2023-07-03 16:08:31.538', 2, 5002, 'SEQ SUPPLY : Enable -> true', 1),
	('2023-07-03 16:08:31.542', 2, 5002, 'SEQ SUPPLY : C.C Need(TANK B LEVEL L OFF)', 1),
	('2023-07-03 16:08:31.653', 2, 1000, 'CTC Rcv : Chemical_Change_End_Event_Send_453', 1),
	('2023-07-03 16:08:36.555', 2, 5000, 'SEQ : TANK_DRAIN_END -> Tank A Supply Temp OK(25)', 1),
	('2023-07-03 16:08:38.828', 2, 5000, 'SEQ : CIRCULATION_READY -> DSP', 1),
	('2023-07-03 16:08:44.601', 2, 5000, 'SEQ : CIRCULATION_READY -> Input Complete', 1),
	('2023-07-03 16:08:44.658', 2, 5002, 'SEQ : Circulation Tank A Start', 1),
	('2023-07-03 16:08:49.676', 2, 5002, 'SEQ : Circulation Tank A Heater ON REQ', 1),
	('2023-07-03 16:08:50.674', 2, 5000, 'SEQ : CIRCULATION_MONITORING_LEVEL -> Tank A Level H', 1),
	('2023-07-03 16:08:53.951', 2, 5000, 'SEQ : CIRCULATION_MONITORING_TEMP_OK_WAIT_DELAY -> Tank A Temp OK(25)', 1),
	('2023-07-03 16:09:00.401', 2, 300, 'Chem1 Concentration OK Low : 0 Value : 1.02 High : 10', 1),
	('2023-07-03 16:09:00.720', 2, 5000, 'SEQ : CHARGE_COMPLETE ->  Tank A REDAY', 1),
	('2023-07-03 16:09:06.934', 2, 300, 'Chem1 Concentration OK Low : 0 Value : 1.03 High : 10', 1),
	('2023-07-03 16:09:19.028', 2, 5002, 'SEQ SUPPLY : C.C Need(TANK B LIFE TIME OVER)', 1),
	('2023-07-03 16:09:27.207', 2, 1000, 'CDS Send : Chemical_Change_Confirm_401', 1),
	('2023-07-03 16:09:27.313', 2, 1000, 'CTC Rcv : Chemical_Change_Confirm_401', 1),
	('2023-07-03 16:09:27.343', 2, 1000, 'CDS Send : Chemical_Change_Start_Event_Send_452', 1),
	('2023-07-03 16:09:27.346', 2, 5002, 'SEQ SUPPLY : C.C Process -> Tank B', 1),
	('2023-07-03 16:09:27.374', 2, 5002, 'SEQ SUPPLY : START', 1),
	('2023-07-03 16:09:27.404', 2, 5002, 'SEQ SUPPLY : Circulation Heater OFF', 1),
	('2023-07-03 16:09:27.495', 2, 5002, 'SEQ SUPPLY : Circulation Valve OFF -> Tank A', 1),
	('2023-07-03 16:09:27.555', 2, 1000, 'CTC Rcv : Chemical_Change_Start_Event_Send_452', 1),
	('2023-07-03 16:09:27.616', 2, 1000, 'CDS Send : Tank_A_Supply_Start_Event_Send_458', 1),
	('2023-07-03 16:09:27.622', 2, 5002, 'SEQ SUPPLY : Supply Valve On -> Tank A', 1),
	('2023-07-03 16:09:27.676', 2, 5002, 'SEQ SUPPLY : Pump On  -> Tank A', 1),
	('2023-07-03 16:09:27.736', 2, 1000, 'CTC Rcv : Tank_A_Supply_Start_Event_Send_458', 1),
	('2023-07-03 16:09:30.829', 2, 5000, 'SEQ : TANK_MIXING_TYPE_CHECK -> Tank B', 1),
	('2023-07-03 16:09:32.422', 2, 5000, 'SEQ : TANK_DRAIN_START -> Tank B', 1),
	('2023-07-03 16:09:35.811', 2, 5002, 'SEQ SUPPLY : Heater On', 1),
	('2023-07-03 16:09:35.902', 2, 1000, 'CDS Send : Chemical_Change_End_Event_Send_453', 1),
	('2023-07-03 16:09:35.906', 2, 5002, 'SEQ SUPPLY : Enable -> true', 1),
	('2023-07-03 16:09:35.910', 2, 5002, 'SEQ SUPPLY : C.C Need(TANK A LEVEL L OFF)', 1),
	('2023-07-03 16:09:36.024', 2, 1000, 'CTC Rcv : Chemical_Change_End_Event_Send_453', 1),
	('2023-07-03 16:09:38.041', 2, 5000, 'SEQ : CIRCULATION_READY -> DSP', 1),
	('2023-07-03 16:09:40.929', 2, 5000, 'SEQ : CIRCULATION_READY -> Tank A Supply Temp OK(25)', 1),
	('2023-07-03 16:09:43.624', 2, 5000, 'SEQ : CIRCULATION_READY -> Input Complete', 1),
	('2023-07-03 16:09:43.695', 2, 5002, 'SEQ : Circulation Tank B Start', 1),
	('2023-07-03 16:09:48.710', 2, 5002, 'SEQ : Circulation Tank B Heater ON REQ', 1),
	('2023-07-03 16:09:49.706', 2, 5000, 'SEQ : CIRCULATION_MONITORING_LEVEL -> Tank B Level H', 1),
	('2023-07-03 16:09:52.988', 2, 5000, 'SEQ : CIRCULATION_MONITORING_TEMP_OK_WAIT_DELAY -> Tank B Temp OK(25)', 1),
	('2023-07-03 16:09:59.456', 2, 300, 'Chem1 Concentration OK Low : 0 Value : 1.05 High : 10', 1),
	('2023-07-03 16:09:59.790', 2, 5000, 'SEQ : CHARGE_COMPLETE ->  Tank B REDAY', 1),
	('2023-07-03 16:10:06.394', 2, 5002, 'SEQ SUPPLY : C.C Need(TANK A LIFE TIME OVER)', 1),
	('2023-07-03 16:10:06.937', 2, 300, 'Chem1 Concentration OK Low : 0 Value : 1.03 High : 10', 1),
	('2023-07-03 16:10:07.286', 2, 5002, 'SEQ SUPPLY : C.C Need', 1),
	('2023-07-03 16:10:07.291', 2, 1000, 'CDS Send : Chemical_Change_Request_400', 1),
	('2023-07-03 16:10:07.392', 2, 1000, 'CTC Rcv : Chemical_Change_Request_400', 1),
	('2023-07-03 16:10:14.155', 2, 1000, 'CDS Send : Chemical_Change_Confirm_401', 1),
	('2023-07-03 16:10:14.251', 2, 1000, 'CTC Rcv : Chemical_Change_Confirm_401', 1),
	('2023-07-03 16:10:14.281', 2, 1000, 'CDS Send : Chemical_Change_Start_Event_Send_452', 1),
	('2023-07-03 16:10:14.286', 2, 5002, 'SEQ SUPPLY : C.C Process -> Tank A', 1),
	('2023-07-03 16:10:14.327', 2, 5002, 'SEQ SUPPLY : START', 1),
	('2023-07-03 16:10:14.330', 2, 5002, 'SEQ SUPPLY : C.C Need', 1),
	('2023-07-03 16:10:14.333', 2, 1000, 'CDS Send : Chemical_Change_Request_400', 1),
	('2023-07-03 16:10:14.357', 2, 5002, 'SEQ SUPPLY : Circulation Heater OFF', 1),
	('2023-07-03 16:10:14.448', 2, 5002, 'SEQ SUPPLY : Circulation Valve OFF -> Tank B', 1),
	('2023-07-03 16:10:14.493', 2, 1000, 'CTC Rcv : Chemical_Change_Start_Event_Send_452', 1),
	('2023-07-03 16:10:14.569', 2, 1000, 'CDS Send : Tank_B_Supply_Start_Event_Send_460', 1),
	('2023-07-03 16:10:14.573', 2, 5002, 'SEQ SUPPLY : Supply Valve On -> Tank B', 1),
	('2023-07-03 16:10:14.615', 2, 1000, 'CTC Rcv : Chemical_Change_Request_400', 1),
	('2023-07-03 16:10:14.630', 2, 5002, 'SEQ SUPPLY : Pump On  -> Tank B', 1),
	('2023-07-03 16:10:14.798', 2, 1000, 'CTC Rcv : Tank_B_Supply_Start_Event_Send_460', 1),
	('2023-07-03 16:10:17.820', 2, 5000, 'SEQ : TANK_MIXING_TYPE_CHECK -> Tank A', 1),
	('2023-07-03 16:10:19.414', 2, 5000, 'SEQ : TANK_DRAIN_START -> Tank A', 1),
	('2023-07-03 16:12:46.046', 4, 10, 'Admin Login', 1),
	('2023-07-03 16:12:47.705', 4, 2000, 'frm_alarm.Button Click : btn_search', 1),
	('2023-07-03 16:12:47.935', 4, 2000, 'frm_parameter.Button Click : btn_search', 1),
	('2023-07-03 16:12:48.824', 4, 2000, 'frm_alarmlog.Button Click : btn_search', 1),
	('2023-07-03 16:12:58.607', 4, 30, 'EQ Mode Manual -> Auto', 1),
	('2023-07-03 16:12:58.609', 4, 2000, 'frm_schematic.Button Click : btn_mode_change', 1),
	('2023-07-03 16:13:00.216', 2, 5000, 'SEQ : TANK_MIXING_TYPE_CHECK -> Tank A', 1),
	('2023-07-03 16:13:01.814', 2, 5000, 'SEQ : TANK_DRAIN_START -> Tank A', 1),
	('2023-07-03 16:13:03.909', 2, 1000, 'CTC Connected', 1),
	('2023-07-03 16:13:05.981', 2, 1000, 'CTC Connected', 1),
	('2023-07-03 16:13:06.835', 2, 5000, 'SEQ : CIRCULATION_READY -> DSP', 1),
	('2023-07-03 16:13:08.279', 2, 1000, 'CDS -> CTC Alarm Update Complete', 1),
	('2023-07-03 16:13:11.318', 2, 1000, 'CDS -> CTC Parameter Update Complete', 1),
	('2023-07-03 16:13:12.607', 2, 5000, 'SEQ : CIRCULATION_READY -> Input Complete', 1),
	('2023-07-03 16:13:12.664', 2, 5002, 'SEQ : Circulation Tank A Start', 1),
	('2023-07-03 16:13:17.672', 2, 5002, 'SEQ : Circulation Tank A Heater ON REQ', 1),
	('2023-07-03 16:13:18.687', 2, 5000, 'SEQ : CIRCULATION_MONITORING_LEVEL -> Tank A Level H', 1),
	('2023-07-03 16:13:21.972', 2, 5000, 'SEQ : CIRCULATION_MONITORING_TEMP_OK_WAIT_DELAY -> Tank A Temp OK(25)', 1),
	('2023-07-03 16:13:28.434', 2, 300, 'Chem1 Concentration OK Low : 0 Value : 1.03 High : 10', 1),
	('2023-07-03 16:13:28.761', 2, 5000, 'SEQ : CHARGE_COMPLETE ->  Tank A REDAY', 1),
	('2023-07-03 16:13:30.368', 2, 5000, 'SEQ : TANK_MIXING_TYPE_CHECK -> Tank B', 1),
	('2023-07-03 16:13:31.776', 2, 5002, 'SEQ SUPPLY : C.C Need', 1),
	('2023-07-03 16:13:31.781', 2, 1000, 'CDS Send : Check_Availability_408', 1),
	('2023-07-03 16:13:31.868', 2, 1000, 'CTC Rcv : Check_Availability_408', 1),
	('2023-07-03 16:13:31.988', 2, 1000, 'Check_Availability_408 Response OK', 1),
	('2023-07-03 16:13:32.019', 2, 5002, 'SEQ SUPPLY : START', 1),
	('2023-07-03 16:13:32.028', 2, 5002, 'SEQ SUPPLY : C.C Need(TANK A LEVEL L OFF)', 1),
	('2023-07-03 16:13:32.065', 2, 5002, 'SEQ SUPPLY : Circulation Heater OFF', 1),
	('2023-07-03 16:13:32.156', 2, 5002, 'SEQ SUPPLY : Circulation Valve OFF -> Tank A', 1),
	('2023-07-03 16:13:32.217', 2, 1000, 'CDS Send : Tank_A_Supply_Start_Event_Send_458', 1),
	('2023-07-03 16:13:32.220', 2, 5002, 'SEQ SUPPLY : Supply Valve On -> Tank A', 1),
	('2023-07-03 16:13:32.231', 2, 1000, 'CTC Rcv : Tank_A_Supply_Start_Event_Send_458', 1),
	('2023-07-03 16:13:32.276', 2, 5002, 'SEQ SUPPLY : Pump On  -> Tank A', 1),
	('2023-07-03 16:13:35.670', 2, 5000, 'SEQ : CIRCULATION_READY -> DSP', 1),
	('2023-07-03 16:13:37.355', 2, 5002, 'SEQ SUPPLY : Heater On', 1),
	('2023-07-03 16:13:37.444', 2, 5002, 'SEQ SUPPLY : Enable -> true', 1),
	('2023-07-03 16:13:37.447', 2, 5002, 'SEQ SUPPLY : C.C Need(TANK A LEVEL L OFF)', 1),
	('2023-07-03 16:13:41.545', 2, 5000, 'SEQ : CIRCULATION_READY -> Input Complete', 1),
	('2023-07-03 16:13:41.704', 2, 5002, 'SEQ : Circulation Tank B Start', 1),
	('2023-07-03 16:13:42.473', 2, 5000, 'SEQ : CIRCULATION_MONITORING_LEVEL -> Tank A Supply Temp OK(25)', 1),
	('2023-07-03 16:13:42.479', 2, 1000, 'CDS Send : Supply_Enable_Event_Send_450', 1),
	('2023-07-03 16:13:42.595', 2, 1000, 'CTC Rcv : Supply_Enable_Event_Send_450', 1),
	('2023-07-03 16:13:43.960', 2, 300, 'Chem1 Concentration OK Low : 0 Value : 1.08 High : 10', 1),
	('2023-07-03 16:13:46.716', 2, 5002, 'SEQ : Circulation Tank B Heater ON REQ', 1),
	('2023-07-03 16:13:47.622', 2, 5000, 'SEQ : CIRCULATION_MONITORING_LEVEL -> Tank B Level H', 1),
	('2023-07-03 16:13:50.904', 2, 5000, 'SEQ : CIRCULATION_MONITORING_TEMP_OK_WAIT_DELAY -> Tank B Temp OK(25)', 1),
	('2023-07-03 16:13:51.012', 2, 1000, 'CDS Send : Check_Availability_408', 1),
	('2023-07-03 16:13:51.114', 2, 1000, 'CTC Rcv : Check_Availability_408', 1),
	('2023-07-03 16:13:57.357', 2, 300, 'Chem1 Concentration OK Low : 0 Value : 1.07 High : 10', 1),
	('2023-07-03 16:13:57.673', 2, 5000, 'SEQ : CHARGE_COMPLETE ->  Tank B REDAY', 1),
	('2023-07-03 16:14:00.800', 2, 5002, 'SEQ SUPPLY : C.C Need(TANK A LIFE TIME OVER)', 1),
	('2023-07-03 16:14:03.784', 2, 1000, 'CDS Send : Check_Availability_408', 1),
	('2023-07-03 16:14:03.854', 2, 1000, 'CTC Rcv : Check_Availability_408', 1),
	('2023-07-03 16:14:03.969', 2, 1000, 'Check_Availability_408 Response OK', 1),
	('2023-07-03 16:14:03.990', 2, 1000, 'CDS Send : Chemical_Change_Start_Event_Send_452', 1),
	('2023-07-03 16:14:03.995', 2, 5002, 'SEQ SUPPLY : C.C Process -> Tank A', 1),
	('2023-07-03 16:14:04.020', 2, 5002, 'SEQ SUPPLY : START', 1),
	('2023-07-03 16:14:04.050', 2, 5002, 'SEQ SUPPLY : Circulation Heater OFF', 1),
	('2023-07-03 16:14:04.097', 2, 1000, 'CTC Rcv : Chemical_Change_Start_Event_Send_452', 1),
	('2023-07-03 16:14:04.142', 2, 5002, 'SEQ SUPPLY : Circulation Valve OFF -> Tank B', 1),
	('2023-07-03 16:14:04.264', 2, 1000, 'CDS Send : Tank_B_Supply_Start_Event_Send_460', 1),
	('2023-07-03 16:14:04.267', 2, 5002, 'SEQ SUPPLY : Supply Valve On -> Tank B', 1),
	('2023-07-03 16:14:04.323', 2, 5002, 'SEQ SUPPLY : Pump On  -> Tank B', 1),
	('2023-07-03 16:14:04.399', 2, 1000, 'CTC Rcv : Tank_B_Supply_Start_Event_Send_460', 1),
	('2023-07-03 16:14:07.519', 2, 5000, 'SEQ : TANK_MIXING_TYPE_CHECK -> Tank A', 1),
	('2023-07-03 16:14:09.112', 2, 5000, 'SEQ : TANK_DRAIN_START -> Tank A', 1),
	('2023-07-03 16:14:12.492', 2, 5002, 'SEQ SUPPLY : Heater On', 1),
	('2023-07-03 16:14:12.583', 2, 1000, 'CDS Send : Chemical_Change_End_Event_Send_453', 1),
	('2023-07-03 16:14:12.587', 2, 5002, 'SEQ SUPPLY : Enable -> true', 1),
	('2023-07-03 16:14:12.591', 2, 5002, 'SEQ SUPPLY : C.C Need(TANK B LEVEL L OFF)', 1),
	('2023-07-03 16:14:12.703', 2, 1000, 'CTC Rcv : Chemical_Change_End_Event_Send_453', 1),
	('2023-07-03 16:14:16.302', 2, 5000, 'SEQ : CIRCULATION_READY -> DSP', 1),
	('2023-07-03 16:14:17.616', 2, 5000, 'SEQ : CIRCULATION_READY -> Tank A Supply Temp OK(25)', 1),
	('2023-07-03 16:14:22.061', 2, 5002, 'SEQ : Circulation Tank A Start', 1),
	('2023-07-03 16:14:22.167', 2, 5000, 'SEQ : CIRCULATION_READY -> Input Complete', 1),
	('2023-07-03 16:14:27.073', 2, 5002, 'SEQ : Circulation Tank A Heater ON REQ', 1),
	('2023-07-03 16:14:28.249', 2, 5000, 'SEQ : CIRCULATION_MONITORING_LEVEL -> Tank A Level H', 1),
	('2023-07-03 16:14:31.519', 2, 5000, 'SEQ : CIRCULATION_MONITORING_TEMP_OK_WAIT_DELAY -> Tank A Temp OK(25)', 1),
	('2023-07-03 16:14:37.967', 2, 300, 'Chem1 Concentration OK Low : 0 Value : 1.08 High : 10', 1),
	('2023-07-03 16:14:38.282', 2, 5000, 'SEQ : CHARGE_COMPLETE ->  Tank A REDAY', 1),
	('2023-07-03 16:14:39.856', 2, 5002, 'SEQ SUPPLY : C.C Need(TANK B LIFE TIME OVER)', 1),
	('2023-07-03 16:14:44.467', 2, 300, 'Chem1 Concentration OK Low : 0 Value : 1 High : 10', 1),
	('2023-07-03 16:14:44.831', 2, 5002, 'SEQ SUPPLY : C.C Need', 1),
	('2023-07-03 16:14:44.835', 2, 1000, 'CDS Send : Chemical_Change_Request_400', 1),
	('2023-07-03 16:14:44.937', 2, 1000, 'CTC Rcv : Chemical_Change_Request_400', 1),
	('2023-07-03 16:14:47.485', 2, 1000, 'CDS Send : Chemical_Change_Confirm_401', 1),
	('2023-07-03 16:14:47.582', 2, 1000, 'CTC Rcv : Chemical_Change_Confirm_401', 1),
	('2023-07-03 16:14:47.612', 2, 1000, 'CDS Send : Chemical_Change_Start_Event_Send_452', 1),
	('2023-07-03 16:14:47.616', 2, 5002, 'SEQ SUPPLY : C.C Process -> Tank B', 1),
	('2023-07-03 16:14:47.642', 2, 5002, 'SEQ SUPPLY : START', 1),
	('2023-07-03 16:14:47.672', 2, 5002, 'SEQ SUPPLY : Circulation Heater OFF', 1),
	('2023-07-03 16:14:47.763', 2, 5002, 'SEQ SUPPLY : Circulation Valve OFF -> Tank A', 1),
	('2023-07-03 16:14:47.823', 2, 1000, 'CTC Rcv : Chemical_Change_Start_Event_Send_452', 1),
	('2023-07-03 16:14:47.884', 2, 1000, 'CDS Send : Tank_A_Supply_Start_Event_Send_458', 1),
	('2023-07-03 16:14:47.888', 2, 5002, 'SEQ SUPPLY : Supply Valve On -> Tank A', 1),
	('2023-07-03 16:14:47.936', 2, 5002, 'SEQ SUPPLY : Pump On  -> Tank A', 1),
	('2023-07-03 16:14:48.050', 2, 1000, 'CTC Rcv : Tank_A_Supply_Start_Event_Send_458', 1),
	('2023-07-03 16:14:51.103', 2, 5000, 'SEQ : TANK_MIXING_TYPE_CHECK -> Tank B', 1),
	('2023-07-03 16:14:52.688', 2, 5000, 'SEQ : TANK_DRAIN_START -> Tank B', 1),
	('2023-07-03 16:14:56.074', 2, 5002, 'SEQ SUPPLY : Heater On', 1),
	('2023-07-03 16:14:56.165', 2, 1000, 'CDS Send : Chemical_Change_End_Event_Send_453', 1),
	('2023-07-03 16:14:56.170', 2, 5002, 'SEQ SUPPLY : Enable -> true', 1),
	('2023-07-03 16:14:56.174', 2, 5002, 'SEQ SUPPLY : C.C Need(TANK A LEVEL L OFF)', 1),
	('2023-07-03 16:14:56.209', 2, 1000, 'CTC Rcv : Chemical_Change_End_Event_Send_453', 1),
	('2023-07-03 16:14:59.411', 2, 5000, 'SEQ : CIRCULATION_READY -> DSP', 1),
	('2023-07-03 16:15:01.195', 2, 5000, 'SEQ : CIRCULATION_READY -> Tank A Supply Temp OK(25)', 1),
	('2023-07-03 16:15:05.107', 2, 5002, 'SEQ : Circulation Tank B Start', 1),
	('2023-07-03 16:15:05.201', 2, 5000, 'SEQ : CIRCULATION_READY -> Input Complete', 1),
	('2023-07-03 16:15:10.117', 2, 5002, 'SEQ : Circulation Tank B Heater ON REQ', 1),
	('2023-07-03 16:15:11.284', 2, 5000, 'SEQ : CIRCULATION_MONITORING_LEVEL -> Tank B Level H', 1),
	('2023-07-03 16:15:14.563', 2, 5000, 'SEQ : CIRCULATION_MONITORING_TEMP_OK_WAIT_DELAY -> Tank B Temp OK(25)', 1),
	('2023-07-03 16:15:21.001', 2, 300, 'Chem1 Concentration OK Low : 0 Value : 1.03 High : 10', 1),
	('2023-07-03 16:15:21.318', 2, 5000, 'SEQ : CHARGE_COMPLETE ->  Tank B REDAY', 1),
	('2023-07-03 16:15:32.833', 2, 5002, 'SEQ SUPPLY : C.C Need(TANK A LIFE TIME OVER)', 1),
	('2023-07-03 16:15:32.838', 2, 5002, 'SEQ SUPPLY : C.C Need', 1),
	('2023-07-03 16:15:32.842', 2, 1000, 'CDS Send : Chemical_Change_Request_400', 1),
	('2023-07-03 16:15:32.951', 2, 1000, 'CTC Rcv : Chemical_Change_Request_400', 1),
	('2023-07-03 16:15:35.468', 2, 1000, 'CDS Send : Chemical_Change_Confirm_401', 1),
	('2023-07-03 16:15:35.547', 2, 1000, 'CTC Rcv : Chemical_Change_Confirm_401', 1),
	('2023-07-03 16:15:35.562', 2, 1000, 'CDS Send : Chemical_Change_Start_Event_Send_452', 1),
	('2023-07-03 16:15:35.566', 2, 5002, 'SEQ SUPPLY : C.C Process -> Tank A', 1),
	('2023-07-03 16:15:35.593', 2, 5002, 'SEQ SUPPLY : START', 1),
	('2023-07-03 16:15:35.624', 2, 5002, 'SEQ SUPPLY : Circulation Heater OFF', 1),
	('2023-07-03 16:15:35.716', 2, 5002, 'SEQ SUPPLY : Circulation Valve OFF -> Tank B', 1),
	('2023-07-03 16:15:35.791', 2, 1000, 'CTC Rcv : Chemical_Change_Start_Event_Send_452', 1),
	('2023-07-03 16:15:35.836', 2, 1000, 'CDS Send : Tank_B_Supply_Start_Event_Send_460', 1),
	('2023-07-03 16:15:35.840', 2, 5002, 'SEQ SUPPLY : Supply Valve On -> Tank B', 1),
	('2023-07-03 16:15:35.895', 2, 5002, 'SEQ SUPPLY : Pump On  -> Tank B', 1),
	('2023-07-03 16:15:35.966', 2, 1000, 'CTC Rcv : Tank_B_Supply_Start_Event_Send_460', 1),
	('2023-07-03 16:15:39.018', 2, 5000, 'SEQ : TANK_MIXING_TYPE_CHECK -> Tank A', 1),
	('2023-07-03 16:15:40.606', 2, 5000, 'SEQ : TANK_DRAIN_START -> Tank A', 1),
	('2023-07-03 16:15:44.026', 2, 5002, 'SEQ SUPPLY : Heater On', 1),
	('2023-07-03 16:15:44.116', 2, 1000, 'CDS Send : Chemical_Change_End_Event_Send_453', 1),
	('2023-07-03 16:15:44.120', 2, 5002, 'SEQ SUPPLY : Enable -> true', 1),
	('2023-07-03 16:15:44.123', 2, 5002, 'SEQ SUPPLY : C.C Need(TANK B LEVEL L OFF)', 1),
	('2023-07-03 16:15:44.146', 2, 1000, 'CTC Rcv : Chemical_Change_End_Event_Send_453', 1),
	('2023-07-03 16:15:49.146', 2, 5000, 'SEQ : TANK_EMPTY_CHECK2 -> Tank A Supply Temp OK(25)', 1),
	('2023-07-03 16:15:50.630', 2, 300, 'Chem1 Concentration OK Low : 0 Value : 1.08 High : 10', 1),
	('2023-07-03 16:16:50.658', 2, 300, 'Chem1 Concentration OK Low : 0 Value : 1.07 High : 10', 1),
	('2023-07-10 10:45:23.005', 4, 10, 'Admin Login', 1),
	('2023-07-10 10:45:24.398', 4, 2000, 'frm_alarm.Button Click : btn_search', 1),
	('2023-07-10 10:45:24.605', 4, 2000, 'frm_parameter.Button Click : btn_search', 1),
	('2023-07-10 10:45:25.519', 4, 2000, 'frm_alarmlog.Button Click : btn_search', 1);
/*!40000 ALTER TABLE `event_logs` ENABLE KEYS */;

-- 테이블 cds.parameters 구조 내보내기
CREATE TABLE IF NOT EXISTS `parameters` (
  `cds_parameter_id` int(11) unsigned NOT NULL,
  `cds_parameter_name` varchar(100) NOT NULL DEFAULT '',
  `cds_parameter_value` float NOT NULL DEFAULT 0,
  `cds_parameter_unit` varchar(50) DEFAULT NULL,
  `cds_parameter_comment` varchar(200) DEFAULT NULL,
  `cds_parameter_minimum` float NOT NULL DEFAULT 0,
  `cds_parameter_maximum` float NOT NULL DEFAULT 0,
  `cds_parameter_default` float NOT NULL DEFAULT 0,
  `cds_parameter_data_type` int(11) NOT NULL DEFAULT 0,
  `report_cds_parameter_to_host` tinyint(3) unsigned NOT NULL DEFAULT 0,
  `cds_parameter_unit_id` tinyint(3) unsigned NOT NULL DEFAULT 0,
  `cds_parameter_visible` tinyint(3) unsigned NOT NULL DEFAULT 0,
  PRIMARY KEY (`cds_parameter_id`) USING BTREE
) ENGINE=InnoDB DEFAULT CHARSET=utf8mb3;

-- 테이블 데이터 cds.parameters:~199 rows (대략적) 내보내기
DELETE FROM `parameters`;
/*!40000 ALTER TABLE `parameters` DISABLE KEYS */;
INSERT INTO `parameters` (`cds_parameter_id`, `cds_parameter_name`, `cds_parameter_value`, `cds_parameter_unit`, `cds_parameter_comment`, `cds_parameter_minimum`, `cds_parameter_maximum`, `cds_parameter_default`, `cds_parameter_data_type`, `report_cds_parameter_to_host`, `cds_parameter_unit_id`, `cds_parameter_visible`) VALUES
	(52, 'Disk Storage Log Min', 5, 'GB', 'Set D Disk Storage Minimum', 0, 500, 0, 28, 0, 20, 1),
	(53, 'Disk Storage Program Min', 5, 'GB', 'Set C Disk Storage Minimum', 0, 500, 0, 28, 0, 20, 1),
	(101, '[H2O2] Abnormal Flow Min', 0, 'lpm', '[H2O2] Set Abnormal Flow Min. 0 = not use', 0, 100, 0, 32, 0, 20, 1),
	(102, '[H2O2] Filter IN Pressure High', 1, 'MPa', '[H2O2] Set Filter IN Pressure High', 0, 100, 0, 32, 0, 20, 1),
	(103, '[H2O2] Filter IN Pressure Low', 0, 'MPa', '[H2O2] Set Filter IN Pressure Low', 0, 100, 0, 32, 0, 20, 1),
	(104, '[H2O2] Filter OUT Pressure High', 1, 'MPa', '[H2O2] Set Filter OUT Pressure High', 0, 10, 0, 32, 0, 20, 1),
	(105, '[H2O2] Filter OUT Pressure Low', 0, 'MPa', '[H2O2] Set Filter OUT Pressure Low', 0, 10, 0, 32, 0, 20, 1),
	(106, '[H2O2] Flowrate High', 15, 'lpm', '[H2O2] Set Filter IN Flowrate High', 0, 100, 0, 32, 0, 20, 1),
	(107, '[H2O2] Flowrate Low', 5, 'lpm', '[H2O2] Set Filter IN Flowrate Low', 0, 100, 0, 32, 0, 20, 1),
	(108, '[H2O2] Mixing Rate', 1, 'rate', '[H2O2] Set Mixing Rate', 0, 100, 0, 28, 0, 20, 1),
	(109, '[H2O2] Pressure High', 1, 'MPa', '[H2O2] Set IN Pressure High', 0, 10, 0, 32, 0, 20, 1),
	(110, '[H2O2] Pressure Low', 0, 'MPa', '[H2O2] Set IN Pressure Low', 0, 10, 0, 32, 0, 20, 1),
	(111, '[H2O2] Supply Time Max', 700, 'Sec', '[H2O2] set the maximum expected supply time', 0, 9999, 0, 28, 0, 20, 1),
	(112, '[H2O2] Supply Time Min', 1, 'Sec', '[H2O2] set the minimum expected supply time', 0, 9999, 0, 28, 0, 20, 1),
	(113, '[H2O2] Concentration High', 10, 'wt%', '[H2O2] Set Concentration Upper Limit', 0, 100, 0, 32, 0, 20, 0),
	(114, '[H2O2] Concentration Low', 0, 'wt%', '[H2O2] Set Concentration Lower Limit', 0, 100, 0, 32, 0, 20, 0),
	(141, '[H2SO4] Abnormal Flow Min', 0, 'lpm', '[H2SO4] Set Abnormal Flow Min. 0 = not use', 0, 100, 0, 32, 0, 20, 1),
	(142, '[H2SO4] Filter IN Pressure High', 1, 'MPa', '[H2SO4] Set Filter IN Pressure High', 0, 100, 0, 32, 0, 20, 1),
	(143, '[H2SO4] Filter IN Pressure Low', 0, 'MPa', '[H2SO4] Set Filter IN Pressure Low', 0, 100, 0, 32, 0, 20, 1),
	(144, '[H2SO4] Filter OUT Pressure High', 1, 'MPa', '[H2SO4] Set Filter OUT Pressure High', 0, 10, 0, 32, 0, 20, 1),
	(145, '[H2SO4] Filter OUT Pressure Low', 0, 'MPa', '[H2SO4] Set Filter OUT Pressure Low', 0, 10, 0, 32, 0, 20, 1),
	(146, '[H2SO4] Flowrate High', 15, 'lpm', '[H2SO4] Set Filter IN Flowrate High', 0, 100, 0, 32, 0, 20, 1),
	(147, '[H2SO4] Flowrate Low', 5, 'lpm', '[H2SO4] Set Filter IN Flowrate Low', 0, 100, 0, 32, 0, 20, 1),
	(148, '[H2SO4] Mixing Rate', 0, 'rate', '[H2SO4] Set Mixing Rate', 0, 100, 0, 28, 0, 20, 1),
	(149, '[H2SO4] Pressure High', 1, 'MPa', '[H2SO4] Set IN Pressure High', 0, 10, 0, 32, 0, 20, 1),
	(150, '[H2SO4] Pressure Low', 0, 'MPa', '[H2SO4] Set IN Pressure Low', 0, 10, 0, 32, 0, 20, 1),
	(151, '[H2SO4] Supply Time Max', 700, 'Sec', '[H2SO4] set the maximum expected supply time', 0, 9999, 0, 28, 0, 20, 1),
	(152, '[H2SO4] Supply Time Min', 600, 'Sec', '[H2SO4] set the minimum expected supply time', 0, 9999, 0, 28, 0, 20, 1),
	(153, '[H2SO4] Concentration High', 10, 'wt%', '[H2SO4] Set Concentration Upper Limit', 0, 100, 0, 32, 0, 20, 0),
	(154, '[H2SO4] Concentration Low', 0, 'wt%', '[H2SO4] Set Concentration Lower Limit', 0, 100, 0, 32, 0, 20, 0),
	(181, '[DHF] Abnormal Flow Min', 0, 'lpm', '[DHF] Set Abnormal Flow Min. 0 = not use', 0, 100, 0, 32, 0, 20, 1),
	(182, '[DHF] Filter IN Pressure High', 1, 'MPa', '[DHF] Set Filter IN Pressure High', 0, 100, 0, 32, 0, 20, 1),
	(183, '[DHF] Filter IN Pressure Low', 0, 'MPa', '[DHF] Set Filter IN Pressure Low', 0, 100, 0, 32, 0, 20, 1),
	(184, '[DHF] Filter OUT Pressure High', 1, 'MPa', '[DHF] Set Filter OUT Pressure High', 0, 10, 0, 32, 0, 20, 1),
	(185, '[DHF] Filter OUT Pressure Low', 0, 'MPa', '[DHF] Set Filter OUT Pressure Low', 0, 10, 0, 32, 0, 20, 1),
	(186, '[DHF] Flowrate High', 15, 'lpm', '[DHF] Set Filter IN Flowrate High', 0, 100, 0, 32, 0, 20, 1),
	(187, '[DHF] Flowrate Low', 5, 'lpm', '[DHF] Set Filter IN Flowrate Low', 0, 100, 0, 32, 0, 20, 1),
	(188, '[DHF] Mixing Rate', 0, 'rate', '[DHF] Set Mixing Rate', 0, 100, 0, 28, 0, 20, 1),
	(189, '[DHF] Pressure High', 1, 'MPa', '[DHF] Set IN Pressure High', 0, 10, 0, 32, 0, 20, 1),
	(190, '[DHF] Pressure Low', 0, 'MPa', '[DHF] Set IN Pressure Low', 0, 10, 0, 32, 0, 20, 1),
	(191, '[DHF] Supply Time Max', 700, 'Sec', '[DHF] set the maximum expected supply time', 0, 9999, 0, 28, 0, 20, 1),
	(192, '[DHF] Supply Time Min', 600, 'Sec', '[DHF] set the minimum expected supply time', 0, 9999, 0, 28, 0, 20, 1),
	(193, '[DHF] Concentration High', 10, 'wt%', '[DHF] Set Concentration Upper Limit', 0, 100, 0, 32, 0, 20, 0),
	(194, '[DHF] Concentration Low', 0, 'wt%', '[DHF] Set Concentration Lower Limit', 0, 100, 0, 32, 0, 20, 0),
	(221, '[DIW] Abnormal Flow Min', 0, 'lpm', '[DIW] Set Abnormal Flow Min. 0 = not use', 0, 100, 0, 32, 0, 20, 1),
	(222, '[DIW] Filter IN Pressure High', 1, 'MPa', '[DIW] Set Filter IN Pressure High', 0, 100, 0, 32, 0, 20, 1),
	(223, '[DIW] Filter IN Pressure Low', 0, 'MPa', '[DIW] Set Filter IN Pressure Low', 0, 100, 0, 32, 0, 20, 1),
	(224, '[DIW] Filter OUT Pressure High', 1, 'MPa', '[DIW] Set Filter OUT Pressure High', 0, 10, 0, 32, 0, 20, 1),
	(225, '[DIW] Filter OUT Pressure Low', 0, 'MPa', '[DIW] Set Filter OUT Pressure Low', 0, 10, 0, 32, 0, 20, 1),
	(226, '[DIW] Flowrate High', 30, 'lpm', '[DIW] Set Filter IN Flowrate High', 0, 100, 0, 32, 0, 20, 1),
	(227, '[DIW] Flowrate Low', 15, 'lpm', '[DIW] Set Filter IN Flowrate Low', 0, 100, 0, 32, 0, 20, 1),
	(228, '[DIW] Mixing Rate', 0, 'rate', '[DIW] Set Mixing Rate', 0, 100, 0, 28, 0, 20, 1),
	(229, '[DIW] Pressure High', 1, 'MPa', '[DIW] Set IN Pressure High', 0, 10, 0, 32, 0, 20, 1),
	(230, '[DIW] Pressure Low', 0, 'MPa', '[DIW] Set IN Pressure Low', 0, 10, 0, 32, 0, 20, 1),
	(231, '[DIW] Supply Time Max', 700, 'Sec', '[DIW] set the maximum expected supply time', 0, 9999, 0, 28, 0, 20, 1),
	(232, '[DIW] Supply Time Min', 1, 'Sec', '[DIW] set the minimum expected supply time', 0, 9999, 0, 28, 0, 20, 1),
	(233, '[DIW] Concentration High', 10, 'wt%', '[DIW] Set Concentration Upper Limit', 0, 100, 0, 32, 0, 20, 0),
	(234, '[DIW] Concentration Low', 0, 'wt%', '[DIW] Set Concentration Lower Limit', 0, 100, 0, 32, 0, 20, 0),
	(261, 'CDA Pressure High', 1, 'MPa', 'Set the high value of the Valve CDA Line pressure.', 0, 10, 0, 32, 0, 20, 1),
	(262, 'CDA Pressure Low', 0, 'MPa', 'Set the Low value of Valve CDA Line pressure.', 0, 10, 0, 32, 0, 20, 1),
	(263, 'CDA Sol Pressure High', 1, 'MPa', 'Set the high value of Sol Valve CDA Line pressure.', 0, 10, 0, 32, 0, 20, 1),
	(264, 'CDA Sol Pressure Low', 0, 'MPa', 'Set low value of Sol Valve CDA Line pressure.', 0, 10, 0, 32, 0, 20, 1),
	(265, 'Exhaust Pressure High', 1, 'MPa', 'Set the high value of the exhaust line pressure.', 0, 10, 0, 32, 0, 20, 1),
	(266, 'Exhaust Pressure Low', 0, 'MPa', 'Set the low value of the exhaust line pressure.', 0, 10, 0, 32, 0, 20, 1),
	(267, 'N2 Pressure High', 0.5, 'MPa', 'Set the high value of N2 Line pressure.', 0, 10, 0, 32, 0, 20, 1),
	(268, 'N2 Pressure Low', 0.5, 'MPa', 'Set the low value of the N2 line pressure.', 0, 10, 0, 32, 0, 20, 1),
	(275, 'PCW Pressure High', 1, 'MPa', 'Maximum pressure of PCW Line', 0, 100, 0, 32, 0, 20, 1),
	(276, 'PCW Pressure Low', 0, 'MPa', 'Minimum pressure of PCW Line', 0, 100, 0, 32, 0, 20, 1),
	(277, 'PCW Prep FLow High', 4, 'lpm', 'Maximum flow rate of Prep PCW Line', 0, 100, 0, 32, 0, 20, 1),
	(278, 'PCW Prep FLow Low', 1, 'lpm', 'Minimum flow rate of Prep PCW Line', 0, 100, 0, 32, 0, 20, 1),
	(279, 'PCW Supply A FLow High', 4, 'lpm', 'Maximum Flow Rate of Supply A PCW Line', 0, 100, 0, 32, 0, 20, 1),
	(280, 'PCW Supply A FLow Low', 1, 'lpm', 'Minimum Flow Rate of Supply A PCW Line', 0, 100, 0, 32, 0, 20, 1),
	(281, 'PCW Supply B FLow High', 4, 'lpm', 'Maximum flow rate of Supply B PCW Line', 0, 100, 0, 32, 0, 20, 1),
	(282, 'PCW Supply B FLow Low', 1, 'lpm', 'Minimum flow rate of Supply B PCW Line', 0, 100, 0, 32, 0, 20, 1),
	(290, 'HDIW Supply Min Temp', 60, 'C', 'Set HDIW Supply Minimum Temp', 0, 100, 0, 32, 0, 20, 0),
	(291, 'HDIW Supply Max Temp', 80, 'C', 'Set HDIW Supply Maximum Temp', 0, 100, 0, 32, 0, 20, 0),
	(292, 'HDIW Temp Delay Time', 5, 'Sec', 'HDIW temperature holding time setting', 0, 100, 0, 28, 0, 20, 0),
	(293, 'HDIW Flowrate High', 0, 'lpm', 'Maximum flow rate of HDIW Line', 0, 30, 0, 32, 0, 20, 0),
	(294, 'HDIW Flowrate Low', 0, 'lpm', 'HDIW Line minimum flow', 0, 30, 0, 32, 0, 20, 0),
	(301, 'Tank A Level - LL', 5, 'L', 'Volume setting of LL (Low Low Level) of Tank A.', 0, 60, 0, 28, 0, 20, 1),
	(302, 'Tank A Level - L', 20, 'L', 'Volume setting of L (Low Level) of Tank A.', 0, 60, 0, 28, 0, 20, 1),
	(303, 'Tank A Level - M', 40, 'L', 'Volume setting of M (Refill Level) of Tank A.', 0, 60, 0, 28, 0, 20, 1),
	(304, 'Tank A Level - H', 60, 'L', 'Volume setting of H (High Level) of Tank A.', 0, 60, 0, 28, 0, 20, 1),
	(305, 'Tank A Level - HH', 65, 'L', 'Volume setting of HH (High High Level) of Tank A.', 0, 65, 0, 28, 0, 20, 1),
	(306, 'Prep A Temp Set', 25, 'C', 'Set the Prep Tank A set temperature.', 0, 100, 0, 32, 0, 20, 1),
	(307, 'Prep Temp High', 30, 'C', 'High value setting for Prep Tank A temperature', 0, 100, 0, 32, 0, 20, 1),
	(308, 'Prep Temp Low', 20, 'C', 'Low value setting for Prep Tank A temperature', 0, 100, 0, 32, 0, 20, 1),
	(309, 'Prep Heating Time Out', 700, 'Sec', 'Set up the expected maximum temperature rise time of Prep Tank A', 0, 1000, 0, 28, 0, 20, 1),
	(310, 'Prep Drain Time Out', 120, 'Sec', 'Prep Tank A Drain maximum expected time setting', 0, 1000, 0, 28, 0, 20, 1),
	(311, 'Prep Ready Time Out', 60, 'Min', 'Prep Tank A Ready Set maximum expected time', 0, 1000, 0, 28, 0, 20, 1),
	(312, 'Supply Tank A Temp Set', 25, 'C', 'Set the supply tank A set temperature.', 0, 100, 0, 32, 0, 20, 1),
	(313, 'Supply Tank A Temp High', 30, 'C', 'Set High Value for Supply Tank A Temperature', 0, 100, 0, 32, 0, 20, 1),
	(314, 'Supply Tank A Temp Low', 20, 'C', 'Low value setting for Supply Tank A temperature', 0, 90, 0, 32, 0, 20, 1),
	(318, 'Supply Tank A Use Time Out', 600, 'Min', 'Supply Tank A Ready Max usage time setting', 0, 1000, 0, 28, 0, 20, 1),
	(320, 'Tank A N2 Flowrate High', 10, 'lpm', 'Set high value for Flowrate of Tank A N2', 0, 30, 0, 32, 0, 20, 1),
	(321, 'Tank A N2 Flowrate Low', 0.5, 'lpm', 'Set Low value for Flowrate of Tank A N2', 0, 30, 0, 32, 0, 20, 1),
	(322, 'Tank A Empty Sensor Monitoring Value', 20, 'Sec', 'Set the time to monitor until empty after Tank A LL OFF', 0, 1000, 0, 28, 0, 20, 1),
	(401, 'Tank B Level - LL', 5, 'L', 'Volume setting of LL (Low Low Level) of Tank B.', 0, 60, 0, 28, 0, 20, 1),
	(402, 'Tank B Level - L', 20, 'L', 'Volume setting of L (Low Level) of Tank B.', 0, 60, 0, 28, 0, 20, 1),
	(403, 'Tank B Level - M', 40, 'L', 'Volume setting of M (Refill Level) of Tank B.', 0, 60, 0, 28, 0, 20, 1),
	(404, 'Tank B Level - H', 60, 'L', 'Volume setting of H (High Level) of Tank B.', 0, 60, 0, 28, 0, 20, 1),
	(405, 'Tank B Level - HH', 65, 'L', 'Enter the set value of HH (High High Level) of Tank B. Alarm occurs when HH is detected.', 0, 65, 0, 28, 0, 20, 1),
	(406, 'Prep B Temp Set', 25, 'C', 'Volume setting of HH (High High Level) of Tank B.', 0, 100, 0, 32, 0, 20, 1),
	(407, 'Prep B Temp High', 30, 'C', 'High value setting for Prep Tank B temperature', 0, 100, 0, 32, 0, 20, 1),
	(408, 'Prep B Temp Low', 20, 'C', 'Low value setting for Prep Tank B temperature', 0, 100, 0, 32, 0, 20, 1),
	(409, 'Prep B Heating Time Out', 700, 'Sec', 'Set up the expected maximum temperature rise time of Prep Tank B', 0, 1000, 0, 28, 0, 20, 1),
	(410, 'Prep B Drain Time Out', 120, 'Sec', 'Prep Tank A Drain maximum expected time setting', 0, 1000, 0, 28, 0, 20, 1),
	(411, 'Prep B Ready Time Out', 60, 'Min', 'Prep Tank A Ready Set maximum expected time', 0, 1000, 0, 28, 0, 20, 1),
	(412, 'Supply Tank B Temp Set', 25, 'C', 'Set the supply tank B set temperature.', 0, 100, 0, 32, 0, 20, 1),
	(413, 'Supply Tank B Temp High', 30, 'C', 'Set High Value for Supply Tank B Temperature', 0, 100, 0, 32, 0, 20, 1),
	(414, 'Supply Tank B Temp Low', 20, 'C', 'Low value setting for Supply Tank B temperature', 0, 100, 0, 32, 0, 20, 1),
	(418, 'Supply Tank B Use Time Out', 600, 'Min', 'Supply Tank A Ready Max usage time setting', 0, 1000, 0, 28, 0, 20, 1),
	(420, 'Tank B N2 Flowrate High', 10, 'lpm', 'Set high value for Flowrate of Tank B N2', 0, 30, 0, 32, 0, 20, 1),
	(421, 'Tank B N2 Flowrate Low', 0.5, 'lpm', 'Set Low value for Flowrate of Tank B N2', 0, 30, 0, 32, 0, 20, 1),
	(422, 'Tank B Empty Sensor Monitoring Value', 20, 'Sec', 'Set the time to monitor until empty after Tank B LL OFF', 0, 1000, 0, 28, 0, 20, 1),
	(501, 'Level Sensor Change Time Delay', 3, 'Sec', 'When changing levels change delay time', 0, 10, 0, 28, 0, 20, 1),
	(502, 'Emtpy Level Sensor Change Time Delay', 1, 'Sec', 'Change Delay time when converting to Empty Level', 0, 10, 0, 28, 0, 20, 1),
	(503, 'Charge Time Delay', 85, 'Min', 'When setting Life Time change the start point of Tank Charge in Prep Tank to when the remaining time of Process Tank is the setting parameter time.', 0, 9999, 0, 28, 0, 20, 1),
	(504, 'CM Check Drain Time', 3, 'Sec', 'Concentration measurement is performed after draining for a certain period of time when switching to tank concentration measurement', 0, 20, 0, 28, 0, 20, 0),
	(505, 'CM Check Time Delay', 3, 'Sec', 'When converting the tank concentration measurement set the delay time for the time for switching the chemical solution of the concentration meter line.', 0, 20, 0, 28, 0, 20, 0),
	(506, 'Chemical Change Min Level', 1, 'Level', 'Tank changes at the set levels (LL:1 L:2).', 0, 5, 0, 28, 0, 20, 1),
	(507, 'SPARE506', 1, '', 'SPARE', 0, 0, 0, 0, 0, 20, 0),
	(508, 'Refill Start Level', 3, 'Level', 'Recharge starts when the set level sensor is off. (M: 3 H: 4)', 0, 5, 0, 28, 0, 20, 1),
	(509, 'Refill End Level', 4, 'Level', 'Recharge starts when the set level sensor is off. (M: 3 H: 4)', 0, 5, 0, 28, 0, 20, 1),
	(510, 'Chemical Change - Wafer Count High', 3000, 'Cnt', '(Chemical Change condition) Wafer counts from the start of the process and chemicals are used as much as the set number', 0, 9999, 0, 28, 0, 20, 1),
	(511, 'Chemical Change - Life Time High', 2, 'Min', '(Chemical change conditions) Measure the usage time from the start of the process and use the chemical solution only until the set time', 0, 9999, 0, 28, 0, 20, 1),
	(530, 'Tank Flush Charge Level', 5, 'Level', 'Flush-charges the tank with chemical solution as much as the set amount (LL:1 L:2 M:3 H:4 HH:5).', 0, 5, 0, 28, 0, 20, 1),
	(531, 'Tank DIW Flush Count', 1, 'Cnt', 'Set DIW Flush Count', 1, 10, 0, 28, 0, 20, 1),
	(532, 'Tank DIW Flush Supply Time', 10, 'Sec', 'Set DIW Flush Supply Time', 0, 9999, 0, 28, 0, 20, 1),
	(533, 'Tank Chemical Flush Count', 1, 'Cnt', 'Set Chemical Flush Count', 1, 10, 0, 28, 0, 20, 1),
	(534, 'Tank Chemical Flush Supply Time', 10, 'Sec', 'Set Chemical Flush Supply Time', 0, 9999, 0, 28, 0, 20, 1),
	(535, 'Tank Auto Flush Count', 1, 'Cnt', 'Set Auto Flush Repeat Count(DIW + Chemical Flush)', 1, 10, 0, 28, 0, 20, 1),
	(536, 'Tank Auto Flush Supply Time', 10, 'Sec', 'Set Auto Flush Supply Time', 1, 9999, 0, 28, 0, 20, 1),
	(711, 'Pressure High - Tank Prep', 1, 'MPa', 'Set the high value of Tank Prep Pump Chemical Line pressure. (An alarm occurs when it is out of the set value.)', 0, 10, 0, 32, 0, 20, 1),
	(712, 'Pressure Low - Tank Prep', 0, 'MPa', 'Tank Prep Pump Set low value of chemical line pressure. (An alarm occurs when it is out of the set value.)', 0, 10, 0, 32, 0, 20, 1),
	(713, 'Pump Pressure High - Tank Prep', 1, 'MPa', 'Tank Prep Pump Set low value of chemical line pressure. (An alarm occurs when it is out of the set value.)', 0, 10, 0, 32, 0, 20, 1),
	(714, 'Pump Pressure Low - Tank Prep', 0, 'MPa', 'Tank Prep Pump Set low value of chemical line pressure. (An alarm occurs when it is out of the set value.)', 0, 10, 0, 32, 0, 20, 1),
	(715, 'Pump CDA Pressure High - Tank Prep', 1, 'MPa', 'Set the high value of the Tank Prep Pump CDA Line pressure. (An alarm occurs when it is out of the set value.)', 0, 10, 0, 32, 0, 20, 1),
	(716, 'Pump CDA Pressure Low - Tank Prep', 0, 'MPa', 'Set Low value of Tank Prep Pump CDA Line pressure. (An alarm occurs when it is out of the set value.)', 0, 10, 0, 32, 0, 20, 1),
	(721, 'Flowrate High - Tank Prep', 30, 'lpm', 'You can enter the high set value of the flow meter and an alarm occurs when it is lower than the high set value during circulation.', 0, 100, 0, 32, 0, 20, 1),
	(722, 'Flowrate Low - Tank Prep', 0, 'lpm', 'You can enter the low set value of the flow meter and an alarm occurs when it is lower than the low set value during circulation.', 0, 100, 0, 32, 0, 20, 1),
	(723, 'SPARE723', 0, 'Min', 'SPARE', 0, 0, 0, 0, 0, 20, 0),
	(731, 'Pump Sensor Wait Delay - Tank Prep', 3, 'Sec', 'Setting the recognition time of the standby sensor on the other side after solenoid operation in pump control', 0, 10, 0, 28, 0, 20, 1),
	(732, 'Pump Sensor Wait Count', 3, 'Cnt', 'An alarm occurs when the number of waiting times for standby sensor Wait Count.', 0, 10, 0, 28, 0, 20, 1),
	(741, 'Temp High - Tank Prep', 30, 'C', 'Set high value for Tank Prep Temp Controller temperature', 0, 100, 0, 32, 0, 20, 1),
	(742, 'Temp Low - Tank Prep', 20, 'C', 'Set low value for Tank Prep Temp Controller temperature', 0, 100, 0, 32, 0, 20, 1),
	(743, 'Heater On Dleay Time - Tank Prep', 5, 'Sec', 'Set Heater On Delay Time after Prep starts', 0, 20, 0, 28, 0, 20, 1),
	(760, 'Drain Valve Off Time Delay - Tank Prep', 2, 'Sec', 'When draining the pump operation is maintained for the set time from when the empty is turned off and then stopped.', 0, 10, 0, 28, 0, 20, 1),
	(761, 'Reclaim Flush', 15, 'Sec', 'When chemical change is in progress during Auto Run the loop line is chemically flushed for the set time. (Disabled)', 0, 100, 0, 28, 0, 20, 1),
	(762, 'Tank Prep Level', 2, 'Level', 'Prep starts at the set amount (LL:1 L:2 M:3 H:4 HH:5)', 0, 5, 0, 28, 0, 20, 1),
	(763, 'Prep Temp OK Time Delay', 3, 'Sec', 'Maintain a certain time after Prep Temp OK', 0, 100, 0, 28, 0, 20, 1),
	(764, 'Process Temp OK Time Delay', 5, 'Sec', 'After Process(Supply) Temp OK hold for a certain amount of time', 0, 100, 0, 28, 0, 20, 1),
	(765, 'Prep Pump Run Interval', 0, 'mSec', 'Value 0 : Disable Value / more than 500 Stroke Time Setting', 0, 9999, 0, 28, 0, 20, 1),
	(911, 'Pressure High - Supply A IN', 1, 'MPa', 'An alarm occurs when it is higher than the High setting value during SUPPLY.', 0, 10, 0, 32, 0, 20, 1),
	(912, 'Pressure Low - Supply A IN', 0, 'MPa', 'An alarm occurs when it is higher than the LOW setting value during SUPPLY.', 0, 10, 0, 32, 0, 20, 1),
	(913, 'Pressure High - Supply A OUT', 1, 'MPa', 'An alarm occurs when it is higher than the High setting value during SUPPLY.', 0, 10, 0, 32, 0, 20, 1),
	(914, 'Pressure Low - Supply A OUT', 0, 'MPa', 'An alarm occurs when it is higher than the LOW setting value during SUPPLY.', 0, 10, 0, 32, 0, 20, 1),
	(915, 'Pressure High - Supply B IN', 1, 'MPa', 'An alarm occurs when it is higher than the High setting value during SUPPLY.', 0, 10, 0, 32, 0, 20, 1),
	(916, 'Pressure Low - Supply B IN', 0, 'MPa', 'An alarm occurs when it is higher than the LOW setting value during SUPPLY.', 0, 10, 0, 32, 0, 20, 1),
	(917, 'Pressure High - Supply B OUT', 1, 'MPa', 'An alarm occurs when it is higher than the High setting value during SUPPLY.', 0, 10, 0, 32, 0, 20, 1),
	(918, 'Pressure Low - Supply B OUT', 0, 'MPa', 'An alarm occurs when it is higher than the LOW setting value during SUPPLY.', 0, 10, 0, 32, 0, 20, 1),
	(923, 'Flowrate High - Supply A', 30, 'lpm', 'An alarm occurs when it is higher than the High setting value during supply.', 0, 30, 0, 32, 0, 20, 1),
	(924, 'Flowrate Low - Supply A', 0, 'lpm', 'An alarm occurs when it is higher than the Low setting value during supply.', 0, 30, 0, 32, 0, 20, 1),
	(925, 'Flowrate High - Supply B', 30, 'lpm', 'An alarm occurs when it is higher than the High setting value during supply.', 0, 30, 0, 32, 0, 20, 1),
	(926, 'Flowrate Low - Supply B', 0, 'lpm', 'An alarm occurs when it is higher than the Low setting value during supply.', 0, 30, 0, 32, 0, 20, 1),
	(931, 'Pump Pressure High - Supply A', 1, 'MPa', 'Set the Low value of Supply A Pump Chemical Line pressure. (An alarm occurs when it is out of the set value.)', 0, 10, 0, 32, 0, 20, 1),
	(932, 'Pump Pressure Low - Supply A', 0, 'MPa', 'Set the Low value of Supply A Pump Chemical Line pressure. (An alarm occurs when it is out of the set value.)', 0, 10, 0, 32, 0, 20, 1),
	(933, 'Pump Pressure High - Supply B', 1, 'MPa', 'Set the low value of the Supply B Pump Chemical Line pressure. (An alarm occurs when it is out of the set value.)', 0, 10, 0, 32, 0, 20, 1),
	(934, 'Pump Pressure Low - Supply B', 0, 'MPa', 'Set the low value of the Supply B Pump Chemical Line pressure. (An alarm occurs when it is out of the set value.)', 0, 10, 0, 32, 0, 20, 1),
	(941, 'Temp High - Supply A', 30, 'C', 'Set High Value for Supply Line A Temperature', 0, 100, 0, 32, 0, 20, 0),
	(942, 'Temp Low - Supply A', 20, 'C', 'Set low value for Supply Line A temperature', 0, 90, 0, 32, 0, 20, 0),
	(943, 'Temp High - Supply B', 30, 'C', 'Set High Value for Supply Line B Temperature', 0, 100, 0, 32, 0, 20, 0),
	(944, 'Temp Low - Supply B', 20, 'C', 'Set Low Value for Supply Line B Temperature', 0, 90, 0, 32, 0, 20, 0),
	(945, 'Heater On Dleay Time', 5, 'Sec', 'Heater On Dleay Time after starting Supply', 0, 20, 0, 28, 0, 20, 1),
	(965, 'MAIN CDA1 PRESS PUMP Pressure High', 1, 'MPa', 'MAIN CDA1 PRESS PUMP Set high pressure.', 0, 10, 0, 32, 0, 20, 1),
	(966, 'MAIN CDA1 PRESS PUMP Pressure Low', 0, 'MPa', 'MAIN CDA1 PRESS PUMP Set low value of pressure.', 0, 10, 0, 32, 0, 20, 1),
	(967, 'MAIN CDA2 PRESS SOL Pressure High', 1, 'MPa', 'MAIN CDA2 PRESS SOL Set high pressure.', 0, 10, 0, 32, 0, 20, 1),
	(968, 'MAIN CDA2 PRESS SOL Pressure Low', 0, 'MPa', 'MAIN CDA2 PRESS SOL Set low value of pressure.', 0, 10, 0, 32, 0, 20, 1),
	(969, 'MAIN CDA3 PRESS DRAIN Pressure High', 1, 'MPa', 'MAIN CDA3 PRESS Drain Set high pressure.', 0, 10, 0, 32, 0, 20, 1),
	(970, 'MAIN CDA3 PRESS DRAIN Pressure Low', 0, 'MPa', 'MAIN CDA3 PRESS Drain Set low value of pressure.', 0, 10, 0, 32, 0, 20, 1),
	(971, 'Keep Supply Time - Chemical Changed', 3, 'Sec', 'When the chemical liquid is replaced the supply is maintained for a certain period of time.', 0, 10, 0, 28, 0, 20, 1),
	(1111, 'Pressure High - Retrun A', 1, 'MPa', 'Set High value of Return A Line pressure. (An alarm occurs when it is out of the set value.)', 0, 10, 0, 32, 0, 20, 1),
	(1112, 'Pressure Low - Retrun A', 0, 'MPa', 'Set Low value of Return A Line pressure. (An alarm occurs when it is out of the set value.)', 0, 10, 0, 32, 0, 20, 1),
	(1113, 'Pressure High - Retrun B', 1, 'MPa', 'Set the High value of Return B Line pressure. (An alarm occurs when it is out of the set value.)', 0, 10, 0, 32, 0, 20, 1),
	(1114, 'Pressure Low - Retrun B', 0, 'MPa', 'Set Low value of Return B Line pressure. (An alarm occurs when it is out of the set value.)', 0, 10, 0, 32, 0, 20, 1),
	(1311, 'Pump CDA Pressure High - Supply A', 1, 'MPa', 'Set High value of Reclaim and Supply Pump CDA Line pressure. (An alarm occurs when it is out of the set value.)', 0, 10, 0, 32, 0, 20, 1),
	(1312, 'Pump CDA Pressure Low - Supply A', 0, 'MPa', 'Set Low value of Reclaim and Supply Pump CDA Line pressure. (An alarm occurs when it is out of the set value.)', 0, 10, 0, 32, 0, 20, 1),
	(1313, 'Pump CDA Pressure High - Supply B', 1, 'MPa', 'Set High value of Reclaim and Supply Pump CDA Line pressure. (An alarm occurs when it is out of the set value.)', 0, 10, 0, 32, 0, 20, 1),
	(1314, 'Pump CDA Pressure Low - Supply B', 0, 'MPa', 'Set Low value of Reclaim and Supply Pump CDA Line pressure. (An alarm occurs when it is out of the set value.)', 0, 10, 0, 32, 0, 20, 1),
	(1500, 'Drain - Flowrate High', 30, 'lpm', 'An alarm occurs when it is higher than the High setting value during supply.', 0, 30, 0, 32, 0, 20, 1),
	(1501, 'Drain - Flowrate Low', 0, 'lpm', 'An alarm occurs when it is lower than the Low setting value during supply.', 0, 30, 0, 32, 0, 20, 1),
	(1605, 'Heater N2 Pressure High', 1, 'Mpa', 'Heater N2 Pressure High Setting', 0, 10, 1, 32, 0, 20, 0),
	(1606, 'Heater N2 Pressure Low', 0, 'Mpa', 'Heater N2 Pressure Low Setting', 0, 10, 1, 32, 0, 20, 0),
	(1800, 'Sampling Port Use Delay Time', 5, 'Sec', 'Setting sampling port usage time', 0, 20, 0, 28, 0, 20, 1),
	(1801, 'Drain Pump Off Time Delay', 2, 'Sec', 'When driving the drain pump set the pump maintenance time after releasing the drain tank on sensor.', 0, 10, 0, 28, 0, 20, 1),
	(1802, 'Chemical Drain Start Level', 1, 'Level', 'Chemical drain is performed when the set level (LL:1 L:2 M:3 H:4 HH:5) or higher and tank drain is used when the level is lower than the set level (LL:1 L:2 M:3 H:4 HH:5)', 0, 5, 0, 28, 0, 20, 1),
	(1803, 'Chemical Change Confirm Time Out', 30, 'Min', 'Chemical Change Time Estimated maximum time setting', 0, 9999, 0, 28, 0, 20, 1),
	(1804, 'Concentration Measure Interval', 60, 'Sec', 'Concentration measurement cycle during supply', 0, 9999, 0, 28, 0, 20, 0),
	(1805, 'Concentration Check Need Drain Time Delay', 5, 'Sec', 'Drain Delay Before Concentration Calibration', 0, 9999, 5, 28, 0, 20, 1),
	(1806, 'CM_Drain Pump Off Time Delay', 2, 'Sec', 'When driving the cm drain pump set the pump maintenance time after releasing the drain tank on sensor.', 0, 10, 0, 28, 0, 20, 1);
/*!40000 ALTER TABLE `parameters` ENABLE KEYS */;

-- 테이블 cds.totalusage_logs 구조 내보내기
CREATE TABLE IF NOT EXISTS `totalusage_logs` (
  `totalusage_saved_time` datetime(3) NOT NULL,
  `totalusage_id` int(11) unsigned NOT NULL,
  `totalusage_index_ccss` tinyint(4) DEFAULT NULL,
  `totalusage_value` double DEFAULT NULL,
  KEY `FKtotalusage_id` (`totalusage_id`) USING BTREE
) ENGINE=InnoDB DEFAULT CHARSET=utf8mb3;

-- 테이블 데이터 cds.totalusage_logs:~29 rows (대략적) 내보내기
DELETE FROM `totalusage_logs`;
/*!40000 ALTER TABLE `totalusage_logs` DISABLE KEYS */;
INSERT INTO `totalusage_logs` (`totalusage_saved_time`, `totalusage_id`, `totalusage_index_ccss`, `totalusage_value`) VALUES
	('2023-07-03 14:32:46.767', 0, 0, 60.442),
	('2023-07-03 14:33:39.355', 0, 0, 60.459),
	('2023-07-03 14:34:08.340', 1, 0, 60.425),
	('2023-07-03 14:41:34.370', 0, 0, 60.442),
	('2023-07-03 14:42:03.325', 1, 0, 60.459),
	('2023-07-03 15:06:39.901', 0, 0, 60.442),
	('2023-07-03 15:07:08.990', 1, 0, 60.476),
	('2023-07-03 15:13:10.694', 0, 0, 60.442),
	('2023-07-03 15:35:49.190', 0, 0, 60.442),
	('2023-07-03 15:36:18.400', 1, 0, 60.476),
	('2023-07-03 15:39:27.726', 0, 0, 60.459),
	('2023-07-03 15:40:11.742', 1, 0, 60.459),
	('2023-07-03 15:40:51.330', 0, 0, 60.476),
	('2023-07-03 15:41:20.227', 1, 0, 60.459),
	('2023-07-03 15:42:56.688', 0, 0, 60.459),
	('2023-07-03 15:43:25.756', 1, 0, 60.476),
	('2023-07-03 15:56:34.320', 0, 0, 60.442),
	('2023-07-03 15:57:03.376', 1, 0, 60.476),
	('2023-07-03 16:00:10.135', 0, 0, 60.442),
	('2023-07-03 16:00:39.068', 1, 0, 60.459),
	('2023-07-03 16:01:28.564', 0, 0, 60.442),
	('2023-07-03 16:01:57.571', 1, 0, 60.459),
	('2023-07-03 16:04:26.613', 0, 0, 60.459),
	('2023-07-03 16:05:31.118', 0, 0, 60.442),
	('2023-07-03 16:05:59.707', 1, 0, 60.442),
	('2023-07-03 16:06:52.690', 0, 0, 60.476),
	('2023-07-03 16:08:01.673', 1, 0, 60.459),
	('2023-07-03 16:08:44.598', 0, 0, 60.459),
	('2023-07-03 16:09:43.620', 1, 0, 60.442),
	('2023-07-03 16:13:12.604', 0, 0, 60.442),
	('2023-07-03 16:13:41.540', 1, 0, 60.476),
	('2023-07-03 16:14:22.165', 0, 0, 60.476),
	('2023-07-03 16:15:05.197', 1, 0, 60.459);
/*!40000 ALTER TABLE `totalusage_logs` ENABLE KEYS */;

/*!40101 SET SQL_MODE=IFNULL(@OLD_SQL_MODE, '') */;
/*!40014 SET FOREIGN_KEY_CHECKS=IFNULL(@OLD_FOREIGN_KEY_CHECKS, 1) */;
/*!40101 SET CHARACTER_SET_CLIENT=@OLD_CHARACTER_SET_CLIENT */;
/*!40111 SET SQL_NOTES=IFNULL(@OLD_SQL_NOTES, 1) */;
